,stargazerCount,createdAt,open_issues_totalCount,closed_issues_totalCount,name,updatedAt,primaryLanguage_name,pullRequests_totalCount,releases_totalCount,url
0,328923,2442,15515,15369,freeCodeCamp,8,JavaScript,15305,0,https://github.com/freeCodeCamp/freeCodeCamp
1,258340,889,0,0,996.ICU,8,Rust,1020,0,https://github.com/996icu/996.ICU
2,199556,2881,588,569,free-programming-books,8,None,3520,0,https://github.com/EbookFoundation/free-programming-books
3,190175,1912,275,241,coding-interview-university,8,None,249,0,https://github.com/jwasham/coding-interview-university
4,187210,2955,9549,9229,vue,8,JavaScript,1046,210,https://github.com/vuejs/vue
5,173424,3021,10650,10041,react,8,JavaScript,7761,96,https://github.com/facebook/react
6,169188,1630,530,464,developer-roadmap,8,None,62,4,https://github.com/kamranahmedse/developer-roadmap
7,167458,2608,283,263,awesome,8,Shell,552,0,https://github.com/sindresorhus/awesome
8,158567,2124,32627,29334,tensorflow,8,C++,13145,145,https://github.com/tensorflow/tensorflow
9,152510,3686,20736,20433,bootstrap,8,JavaScript,7114,72,https://github.com/twbs/bootstrap
10,152381,1990,274,269,public-apis,8,Python,1181,0,https://github.com/public-apis/public-apis
11,143238,2845,878,799,You-Dont-Know-JS,8,None,350,0,https://github.com/getify/You-Dont-Know-JS
12,141907,1647,173,55,system-design-primer,8,Python,188,0,https://github.com/donnemartin/system-design-primer
13,137148,1295,505,430,CS-Notes,8,Java,375,0,https://github.com/CyC2018/CS-Notes
14,132017,4386,3880,3660,ohmyzsh,8,Shell,2486,0,https://github.com/ohmyzsh/ohmyzsh
15,128246,2370,58466,49143,flutter,8,Dart,21514,0,https://github.com/flutter/flutter
16,122347,3949,0,0,gitignore,8,None,1445,0,https://github.com/github/gitignore
17,120456,2189,118369,112514,vscode,8,TypeScript,7368,44,https://github.com/microsoft/vscode
18,117736,1256,234,152,javascript-algorithms,8,JavaScript,206,0,https://github.com/trekhleb/javascript-algorithms
19,116718,3649,0,0,linux,8,C,9,0,https://github.com/torvalds/linux
20,115555,1210,428,307,build-your-own-x,8,None,84,0,https://github.com/danistefanovic/build-your-own-x
21,114765,1872,730,724,Python,8,Python,1581,0,https://github.com/TheAlgorithms/Python
22,113324,3225,1094,1013,javascript,8,JavaScript,765,0,https://github.com/airbnb/javascript
23,109511,1212,649,595,JavaGuide,8,Java,486,0,https://github.com/Snailclimb/JavaGuide
24,107359,1279,509,87,Python-100-Days,8,Python,12,0,https://github.com/jackfrued/Python-100-Days
25,101950,2622,195,191,awesome-python,8,Python,525,0,https://github.com/vinta/awesome-python
26,99191,3957,24070,20336,youtube-dl,8,Python,1528,340,https://github.com/ytdl-org/youtube-dl
27,97920,3991,2090,2087,d3,8,JavaScript,438,169,https://github.com/d3/d3
28,97377,2426,21673,20095,react-native,8,JavaScript,621,162,https://github.com/facebook/react-native
29,96358,3063,15585,14444,electron,8,C++,12828,798,https://github.com/electron/electron
30,94787,559,265,240,fucking-algorithm,8,None,202,0,https://github.com/labuladong/fucking-algorithm
31,94191,2676,542,530,computer-science,8,None,191,0,https://github.com/ossu/computer-science
32,93827,2295,185,86,the-art-of-command-line,8,None,303,0,https://github.com/jlevy/the-art-of-command-line
33,89806,1871,7143,6208,create-react-app,8,JavaScript,1886,81,https://github.com/facebook/create-react-app
34,89053,2569,45647,38584,go,8,Go,0,0,https://github.com/golang/go
35,87273,2570,3105,2918,axios,8,JavaScript,398,26,https://github.com/axios/axios
36,82333,2857,0,0,free-programming-books-zh_CN,8,None,269,3,https://github.com/justjavac/free-programming-books-zh_CN
37,82080,1371,274,272,30-seconds-of-code,8,JavaScript,748,4,https://github.com/30-seconds/30-seconds-of-code
38,81168,2470,13532,12343,node,8,JavaScript,3226,245,https://github.com/nodejs/node
39,80277,2643,39077,37356,kubernetes,8,Go,48888,485,https://github.com/kubernetes/kubernetes
40,77420,1204,4751,4164,deno,8,Rust,5260,141,https://github.com/denoland/deno
41,76606,1481,8438,7120,terminal,8,C++,2145,54,https://github.com/microsoft/terminal
42,75882,2539,22984,21256,angular,8,TypeScript,2993,85,https://github.com/angular/angular
43,73939,2321,21848,21181,ant-design,8,TypeScript,7575,421,https://github.com/ant-design/ant-design
44,73676,4179,10580,10249,three.js,8,JavaScript,8784,123,https://github.com/mrdoob/three.js
45,73667,2632,31183,26291,TypeScript,8,TypeScript,10964,140,https://github.com/microsoft/TypeScript
46,72863,1575,4949,3294,puppeteer,8,TypeScript,1970,69,https://github.com/puppeteer/puppeteer
47,72296,1791,10190,9199,next.js,8,JavaScript,7000,1105,https://github.com/vercel/next.js
48,71913,3611,784,775,animate.css,8,CSS,271,22,https://github.com/animate-css/animate.css
49,70996,2034,6560,5500,models,8,Python,2185,17,https://github.com/tensorflow/models
50,70497,2570,13603,13100,material-ui,8,JavaScript,11437,316,https://github.com/mui-org/material-ui
51,70145,1597,3227,2261,vue-element-admin,8,Vue,313,49,https://github.com/PanJiaChen/vue-element-admin
52,70012,1446,276,251,nodebestpractices,8,JavaScript,668,0,https://github.com/goldbergyoni/nodebestpractices
53,69637,2579,676,449,java-design-patterns,8,Java,762,0,https://github.com/iluwatar/java-design-patterns
54,67503,2613,311,284,awesome-go,8,Go,2439,0,https://github.com/avelino/awesome-go
55,66535,999,53,42,LeetCodeAnimation,8,Java,63,0,https://github.com/MisterBooo/LeetCodeAnimation
56,66314,3737,0,0,laravel,8,PHP,1329,85,https://github.com/laravel/laravel
57,65982,3483,17473,11783,Font-Awesome,8,JavaScript,184,43,https://github.com/FortAwesome/Font-Awesome
58,64212,1992,7921,6666,storybook,8,TypeScript,5810,846,https://github.com/storybookjs/storybook
59,63630,2337,603,429,thefuck,8,Python,462,16,https://github.com/nvbn/thefuck
60,62573,2283,618,529,awesome-selfhosted,8,JavaScript,1615,0,https://github.com/awesome-selfhosted/awesome-selfhosted
61,61924,2142,200,176,awesome-vue,8,None,3182,0,https://github.com/vuejs/awesome-vue
62,60953,3147,21051,17178,moby,8,Go,16917,97,https://github.com/moby/moby
63,59775,2013,445,398,realworld,8,Shell,184,0,https://github.com/gothinkster/realworld
64,59595,4255,9025,8634,angular.js,8,JavaScript,788,0,https://github.com/angular/angular.js
65,59226,3412,0,0,django,8,Python,6746,0,https://github.com/django/django
66,59094,3461,8443,8261,webpack,8,JavaScript,3856,342,https://github.com/webpack/webpack
67,58875,853,9874,8005,PowerToys,8,C#,2622,41,https://github.com/microsoft/PowerToys
68,58039,4094,40361,33208,rust,8,Rust,35825,89,https://github.com/rust-lang/rust
69,57800,2485,1102,824,FiraCode,8,Clojure,106,26,https://github.com/tonsky/FiraCode
70,57035,3738,2003,1430,reveal.js,8,JavaScript,349,34,https://github.com/hakimel/reveal.js
71,56996,2139,0,0,swift,8,C++,34071,33,https://github.com/apple/swift
72,56805,3238,22719,22261,spring-boot,8,Java,41,106,https://github.com/spring-projects/spring-boot
73,56554,3908,6413,5802,bitcoin,8,C++,10566,35,https://github.com/bitcoin/bitcoin
74,56531,2286,1899,1866,redux,8,TypeScript,1439,64,https://github.com/reduxjs/redux
75,56390,4165,2187,2170,flask,8,Python,1247,14,https://github.com/pallets/flask
76,56249,1883,31,29,tech-interview-handbook,8,JavaScript,143,0,https://github.com/yangshun/tech-interview-handbook
77,56208,3330,8235,6329,opencv,8,C++,9908,54,https://github.com/opencv/opencv
78,56150,4222,27748,24735,elasticsearch,8,Java,41524,55,https://github.com/elastic/elasticsearch
79,56106,1060,115,112,advanced-java,8,Java,61,0,https://github.com/doocs/advanced-java
80,55923,3511,16650,15962,atom,8,JavaScript,3876,534,https://github.com/atom/atom
81,55885,2834,956,440,json-server,8,JavaScript,97,10,https://github.com/typicode/json-server
82,55788,1740,106,72,clean-code-javascript,8,JavaScript,146,0,https://github.com/ryanmcdermott/clean-code-javascript
83,55682,2997,6348,6116,netdata,8,C,4457,47,https://github.com/netdata/netdata
84,55657,1415,126,125,Front-End-Checklist,8,None,168,1,https://github.com/thedaviddias/Front-End-Checklist
85,55275,4533,2123,2056,jquery,8,JavaScript,516,2,https://github.com/jquery/jquery
86,54940,1602,44,20,project-based-learning,8,None,132,0,https://github.com/tuvtran/project-based-learning
87,54562,3089,6062,5971,Chart.js,8,JavaScript,2462,81,https://github.com/chartjs/Chart.js
88,54201,4191,3080,2930,socket.io,8,JavaScript,395,40,https://github.com/socketio/socket.io
89,54146,4449,3569,3460,express,8,JavaScript,220,141,https://github.com/expressjs/express
90,54017,1243,64,19,architect-awesome,8,None,49,0,https://github.com/xingshaocheng/architect-awesome
91,53651,2980,5508,4911,hugo,8,Go,1446,163,https://github.com/gohugoio/hugo
92,53581,1659,46,18,interviews,8,Java,42,0,https://github.com/kdn251/interviews
93,53364,1379,2335,1510,scrcpy,8,C,25,22,https://github.com/Genymobile/scrcpy
94,52821,3397,577,302,markdown-here,8,JavaScript,20,11,https://github.com/adam-p/markdown-here
95,52802,3151,2703,2667,shadowsocks-windows,8,C#,277,54,https://github.com/shadowsocks/shadowsocks-windows
96,52196,2348,10724,10349,keras,8,Python,2484,28,https://github.com/keras-team/keras
97,51895,1245,400,381,mall,8,Java,0,1,https://github.com/macrozheng/mall
98,51723,3475,692,572,httpie,8,Python,193,36,https://github.com/httpie/httpie
99,51302,2707,368,310,Apollo-11,8,Assembly,296,0,https://github.com/chrislgarry/Apollo-11
100,51254,4237,1224,1215,html5-boilerplate,8,JavaScript,511,32,https://github.com/h5bp/html5-boilerplate
101,51132,2294,12911,12704,gatsby,8,JavaScript,15260,94,https://github.com/gatsbyjs/gatsby
102,51112,2604,70,70,awesome-machine-learning,8,Python,685,0,https://github.com/josephmisiti/awesome-machine-learning
103,50825,4156,1611,1350,nvm,8,Shell,617,58,https://github.com/nvm-sh/nvm
104,50770,2633,1650,1314,gin,8,Go,728,18,https://github.com/gin-gonic/gin
105,50707,1823,16549,14836,element,8,Vue,3137,136,https://github.com/ElemeFE/element
106,50694,4546,4965,3367,redis,8,C,2106,23,https://github.com/redis/redis
107,50470,3433,3979,3809,lodash,8,JavaScript,573,2,https://github.com/lodash/lodash
108,50386,1844,21810,15176,pytorch,8,C++,4586,34,https://github.com/pytorch/pytorch
109,50271,1037,7561,7231,transformers,8,Python,4486,65,https://github.com/huggingface/transformers
110,50231,2562,4558,3447,protobuf,8,C++,3152,79,https://github.com/protocolbuffers/protobuf
111,50121,3491,113,110,Front-end-Developer-Interview-Questions,8,Nunjucks,382,0,https://github.com/h5bp/Front-end-Developer-Interview-Questions
112,49648,1745,3873,3385,svelte,8,TypeScript,2152,0,https://github.com/sveltejs/svelte
113,49601,3465,29539,28464,ansible,8,Python,33879,3,https://github.com/ansible/ansible
114,49502,3067,6163,5230,Semantic-UI,8,JavaScript,351,153,https://github.com/Semantic-Org/Semantic-UI
115,49488,3859,93,56,resume.github.com,8,JavaScript,84,0,https://github.com/resume/resume.github.com
116,48894,4890,14915,14568,rails,8,Ruby,18599,45,https://github.com/rails/rails
117,48632,1302,4021,514,nocode,8,Dockerfile,1,1,https://github.com/kelseyhightower/nocode
118,48535,2358,0,0,free-for-dev,8,HTML,1570,0,https://github.com/ripienaar/free-for-dev
119,47971,2816,135,122,papers-we-love,8,Shell,386,0,https://github.com/papers-we-love/papers-we-love
120,47761,2080,2031,1946,frp,8,Go,336,65,https://github.com/fatedier/frp
121,47577,1165,53,47,the-book-of-secret-knowledge,8,None,105,0,https://github.com/trimstray/the-book-of-secret-knowledge
122,47556,3072,14385,12143,echarts,8,TypeScript,831,89,https://github.com/apache/echarts
123,47382,916,2412,2077,code-server,8,TypeScript,770,66,https://github.com/cdr/code-server
124,46899,4032,8718,7068,scikit-learn,8,Python,7743,23,https://github.com/scikit-learn/scikit-learn
125,46516,2769,6998,5804,neovim,8,Vim script,5386,22,https://github.com/neovim/neovim
126,46074,1945,1789,1780,HelloGitHub,8,Python,14,9,https://github.com/521xueweihan/HelloGitHub
127,45923,3836,3907,3788,moment,8,JavaScript,709,0,https://github.com/moment/moment
128,45918,1425,1660,1601,tailwindcss,8,JavaScript,1017,153,https://github.com/tailwindlabs/tailwindcss
129,45853,3852,3439,3206,requests,8,Python,1390,0,https://github.com/psf/requests
130,45696,1161,174,79,DeepLearning-500-questions,8,JavaScript,300,0,https://github.com/scutan90/DeepLearning-500-questions
131,45559,2476,94,46,awesome-public-datasets,8,None,188,0,https://github.com/awesomedata/awesome-public-datasets
132,45539,1980,0,0,Awesome-Hacking,8,None,25,0,https://github.com/Hack-with-Github/Awesome-Hacking
133,45250,2905,22425,21418,core,8,Python,26928,803,https://github.com/home-assistant/core
134,45223,1871,297,230,awesome-mac,8,JavaScript,556,0,https://github.com/jaywcjlove/awesome-mac
135,45086,2933,19120,18476,ionic-framework,8,TypeScript,2973,249,https://github.com/ionic-team/ionic-framework
136,45082,3157,3053,3042,RxJava,8,Java,3023,224,https://github.com/ReactiveX/RxJava
137,45063,3772,479,445,normalize.css,8,CSS,56,0,https://github.com/necolas/normalize.css
138,44959,1468,30,16,every-programmer-should-know,8,None,86,0,https://github.com/mtdvio/every-programmer-should-know
139,44854,2582,77,68,awesome-react,8,None,750,0,https://github.com/enaqx/awesome-react
140,44109,2047,2325,2148,bulma,8,CSS,567,16,https://github.com/jgthms/bulma
141,44019,3919,21120,20056,spring-framework,8,Java,690,210,https://github.com/spring-projects/spring-framework
142,43824,2664,5929,5890,react-router,8,JavaScript,1210,155,https://github.com/remix-run/react-router
143,43747,918,63,29,app-ideas,8,None,149,0,https://github.com/florinpop17/app-ideas
144,43716,1250,228,219,leetcode,8,JavaScript,217,37,https://github.com/azl397985856/leetcode
145,43639,2519,1033,710,material-design-icons,8,None,35,16,https://github.com/google/material-design-icons
146,43520,2820,21206,19353,grafana,8,TypeScript,14121,240,https://github.com/grafana/grafana
147,43198,4698,4446,4363,jekyll,8,Ruby,2943,100,https://github.com/jekyll/jekyll
148,43155,1092,31,27,33-js-concepts,8,JavaScript,107,0,https://github.com/leonardomso/33-js-concepts
149,42571,3512,8564,8473,meteor,8,JavaScript,1416,0,https://github.com/meteor/meteor
150,42123,2103,27,27,awesome-interview-questions,8,None,167,0,https://github.com/DopplerHQ/awesome-interview-questions
151,42122,2608,92,90,awesome-nodejs,8,None,378,0,https://github.com/sindresorhus/awesome-nodejs
152,42099,2651,3275,2637,guava,8,Java,352,32,https://github.com/google/guava
153,41667,2110,66,33,hacker-scripts,8,JavaScript,62,0,https://github.com/NARKOZ/hacker-scripts
154,41663,1640,57,56,Best-websites-a-programmer-should-visit,8,None,301,0,https://github.com/sdmg15/Best-websites-a-programmer-should-visit
155,41532,2576,2133,1807,tesseract,8,C++,1199,12,https://github.com/tesseract-ocr/tesseract
156,41454,3298,0,0,you-get,8,Python,541,113,https://github.com/soimort/you-get
157,41365,4208,2497,2010,scrapy,8,Python,1709,20,https://github.com/scrapy/scrapy
158,41342,2796,29122,23711,godot,8,C++,17372,32,https://github.com/godotengine/godot
159,41152,1642,1161,546,face_recognition,8,Python,87,2,https://github.com/ageitgey/face_recognition
160,41150,2442,90,89,awesome-android-ui,8,None,89,0,https://github.com/wasabeef/awesome-android-ui
161,41041,2215,79,28,big-list-of-naughty-strings,8,Python,90,0,https://github.com/minimaxir/big-list-of-naughty-strings
162,41040,2120,225,68,TensorFlow-Examples,8,Jupyter Notebook,87,0,https://github.com/aymericdamien/TensorFlow-Examples
163,40647,3326,3463,3348,okhttp,8,Kotlin,2666,0,https://github.com/square/okhttp
164,40566,2324,5325,4438,serverless,8,JavaScript,3692,279,https://github.com/serverless/serverless
165,40371,1736,5111,4387,prettier,8,JavaScript,5173,75,https://github.com/prettier/prettier
166,40184,1872,391,376,Java,8,Java,529,0,https://github.com/TheAlgorithms/Java
167,40155,1997,614,471,anime,8,JavaScript,71,14,https://github.com/juliangarnier/anime
168,40115,2233,6972,6025,superset,8,Python,7373,40,https://github.com/apache/superset
169,40037,2051,6249,4489,yarn,8,JavaScript,1652,142,https://github.com/yarnpkg/yarn
170,39832,1669,3662,3614,nest,8,TypeScript,3164,55,https://github.com/nestjs/nest
171,39749,2835,4619,4344,syncthing,8,Go,1996,270,https://github.com/syncthing/syncthing
172,39726,1663,0,0,cpython,8,Python,22361,0,https://github.com/python/cpython
173,39538,2529,7820,7236,babel,8,JavaScript,4349,268,https://github.com/babel/babel
174,39320,2806,2564,2508,AdminLTE,8,JavaScript,847,70,https://github.com/ColorlibHQ/AdminLTE
175,39308,2034,409,282,architecture-samples,8,Kotlin,176,0,https://github.com/android/architecture-samples
176,39077,2162,5287,4782,strapi,8,JavaScript,3553,180,https://github.com/strapi/strapi
177,39056,4787,0,0,git,8,C,3,0,https://github.com/git/git
178,38798,1485,3907,3379,parcel,8,JavaScript,1707,5,https://github.com/parcel-bundler/parcel
179,38643,2869,2000,1769,fzf,8,Go,291,11,https://github.com/junegunn/fzf
180,38627,1501,74,33,learn-regex,8,None,106,0,https://github.com/ziishaned/learn-regex
181,38589,2545,5199,4575,materialize,8,JavaScript,449,41,https://github.com/Dogfalo/materialize
182,38580,4012,2511,2393,retrofit,8,Java,738,0,https://github.com/square/retrofit
183,38496,3487,0,0,kotlin,8,Kotlin,1858,169,https://github.com/JetBrains/kotlin
184,38473,1021,1362,1283,iptv,8,JavaScript,2405,0,https://github.com/iptv-org/iptv
185,38432,3316,286,181,build-web-application-with-golang,8,Go,756,0,https://github.com/astaxie/build-web-application-with-golang
186,38401,3202,4140,3789,prometheus,8,Go,3893,184,https://github.com/prometheus/prometheus
187,38324,3527,6933,6084,nw.js,8,JavaScript,563,0,https://github.com/nwjs/nw.js
188,38240,3041,6140,6099,Ghost,8,JavaScript,5550,441,https://github.com/TryGhost/Ghost
189,38142,2609,444,443,awesome-ios,8,Swift,2152,0,https://github.com/vsouza/awesome-ios
190,38125,1351,705,692,faceswap,8,Python,329,3,https://github.com/deepfakes/faceswap
191,38082,726,187,53,GitHub-Chinese-Top-Charts,8,Java,0,0,https://github.com/kon9chunkit/GitHub-Chinese-Top-Charts
192,37941,2188,2390,2368,v2ray-core,8,Go,202,247,https://github.com/v2ray/v2ray-core
193,37907,2481,63,34,awesome-courses,8,None,184,0,https://github.com/prakhar1989/awesome-courses
194,37541,2757,4753,3998,gogs,8,Go,1197,60,https://github.com/gogs/gogs
195,37539,1770,6382,6034,nuxt.js,8,JavaScript,2312,150,https://github.com/nuxt/nuxt.js
196,37377,2495,1487,1045,mermaid,8,JavaScript,617,70,https://github.com/mermaid-js/mermaid
197,37316,811,176,126,javascript-questions,8,None,262,0,https://github.com/lydiahallie/javascript-questions
198,37245,2334,2022,1546,x64dbg,8,C++,526,3,https://github.com/x64dbg/x64dbg
199,37102,1577,0,0,awesome-flutter,8,Dart,391,0,https://github.com/Solido/awesome-flutter
200,37041,2597,64,50,git-flight-rules,8,None,207,0,https://github.com/k88hudson/git-flight-rules
201,36983,2978,5481,5317,etcd,8,Go,6436,202,https://github.com/etcd-io/etcd
202,36707,1712,550,458,vue2-elm,8,Vue,20,0,https://github.com/bailicangdu/vue2-elm
203,36677,2354,892,591,manim,8,Python,439,3,https://github.com/3b1b/manim
204,36602,1796,585,444,freecodecamp.cn,9,CSS,55,0,https://github.com/FreeCodeCampChina/freecodecamp.cn
205,36588,1887,3329,2596,hyper,8,TypeScript,2056,69,https://github.com/vercel/hyper
206,36392,3534,446,398,impress.js,8,JavaScript,100,14,https://github.com/impress/impress.js
207,36253,2980,61,31,Projects,8,None,19,0,https://github.com/karan/Projects
208,36248,2588,2562,2530,Alamofire,8,Swift,499,86,https://github.com/Alamofire/Alamofire
209,36167,2821,6398,4977,jest,8,TypeScript,4145,127,https://github.com/facebook/jest
210,36042,1239,872,619,dayjs,8,JavaScript,574,103,https://github.com/iamkun/dayjs
211,36007,3360,4594,3755,dubbo,8,Java,2532,38,https://github.com/apache/dubbo
212,35929,3785,20265,16888,julia,8,Julia,17201,105,https://github.com/JuliaLang/julia
213,35838,3780,7768,7339,pdf.js,8,JavaScript,5195,38,https://github.com/mozilla/pdf.js
214,35776,1804,0,0,awesome-wechat-weapp,8,None,252,0,https://github.com/justjavac/awesome-wechat-weapp
215,35570,1343,0,0,awesome-scalability,8,None,24,0,https://github.com/binhnguyennus/awesome-scalability
216,35436,3024,4359,3914,pm2,8,JavaScript,511,115,https://github.com/Unitech/pm2
217,35316,3252,7524,6992,DefinitelyTyped,8,TypeScript,39772,1,https://github.com/DefinitelyTyped/DefinitelyTyped
218,35240,1934,80,65,algorithm-visualizer,8,JavaScript,180,0,https://github.com/algorithm-visualizer/algorithm-visualizer
219,34972,997,2318,1602,fastapi,8,Python,709,108,https://github.com/tiangolo/fastapi
220,34851,4479,6382,5847,node-v0.x-archive,8,None,218,0,https://github.com/nodejs/node-v0.x-archive
221,34793,2179,4631,4041,traefik,8,Go,3161,340,https://github.com/traefik/traefik
222,34516,1841,2401,2380,styled-components,8,TypeScript,820,110,https://github.com/styled-components/styled-components
223,34343,2422,2700,2631,caddy,8,Go,1204,88,https://github.com/caddyserver/caddy
224,34294,2021,3748,3451,alacritty,8,Rust,1305,65,https://github.com/alacritty/alacritty
225,34149,2138,83,79,awesome-for-beginners,8,None,321,0,https://github.com/MunGell/awesome-for-beginners
226,34040,2823,755,636,tldr,8,Markdown,4946,2,https://github.com/tldr-pages/tldr
227,33970,3144,4573,4522,pixijs,8,TypeScript,2170,142,https://github.com/pixijs/pixijs
228,33932,1824,139,77,chinese-poetry,8,JavaScript,96,1,https://github.com/chinese-poetry/chinese-poetry
229,33872,3153,0,0,discourse,8,Ruby,11771,0,https://github.com/discourse/discourse
230,33836,2685,4683,2823,MPAndroidChart,8,Java,190,44,https://github.com/PhilJay/MPAndroidChart
231,33720,3555,9683,7066,brackets,8,JavaScript,4333,69,https://github.com/adobe/brackets
232,33672,1771,2769,2440,localstack,8,Python,1516,36,https://github.com/localstack/localstack
233,33484,1676,557,535,edex-ui,8,JavaScript,397,28,https://github.com/GitSquared/edex-ui
234,33306,3264,3713,3628,hexo,8,JavaScript,717,101,https://github.com/hexojs/hexo
235,33270,4126,559,370,faker.js,8,JavaScript,308,0,https://github.com/Marak/faker.js
236,33214,3745,3110,3059,AFNetworking,8,Objective-C,709,40,https://github.com/AFNetworking/AFNetworking
237,33075,3481,161,139,SecLists,8,PHP,360,13,https://github.com/danielmiessler/SecLists
238,33034,3420,0,0,shadowsocks,8,Python,70,2,https://github.com/shadowsocks/shadowsocks
239,33018,1146,2581,1714,uni-app,8,JavaScript,182,0,https://github.com/dcloudio/uni-app
240,33008,2909,573,543,slate,8,SCSS,255,24,https://github.com/slatedocs/slate
241,32968,1106,41,28,funNLP,8,Python,9,0,https://github.com/fighting41love/funNLP
242,32940,2602,495,161,awesome-cpp,8,None,456,0,https://github.com/fffaraz/awesome-cpp
243,32775,2372,8520,6941,cypress,8,JavaScript,2786,244,https://github.com/cypress-io/cypress
244,32772,2464,11621,11505,fastlane,8,Ruby,5716,495,https://github.com/fastlane/fastlane
245,32728,1153,0,0,100-Days-Of-ML-Code,8,None,6,0,https://github.com/Avik-Jain/100-Days-Of-ML-Code
246,32664,2698,47,41,github-cheat-sheet,8,None,129,0,https://github.com/tiimgreen/github-cheat-sheet
247,32467,2902,3744,3566,fullPage.js,8,JavaScript,268,70,https://github.com/alvarotrigo/fullPage.js
248,32363,294,122,118,Web-Dev-For-Beginners,8,JavaScript,166,0,https://github.com/microsoft/Web-Dev-For-Beginners
249,32313,2980,1846,1822,gulp,8,JavaScript,395,22,https://github.com/gulpjs/gulp
250,32204,2641,2298,2210,pi-hole,8,Shell,1257,68,https://github.com/pi-hole/pi-hole
251,32186,2848,600,583,hackathon-starter,8,JavaScript,301,13,https://github.com/sahat/hackathon-starter
252,32110,813,42,18,interview_internal_reference,8,Python,35,0,https://github.com/0voice/interview_internal_reference
253,32086,3096,1856,1385,huginn,8,Ruby,900,0,https://github.com/huginn/huginn
254,31952,2805,5795,5555,go-ethereum,8,Go,4782,146,https://github.com/ethereum/go-ethereum
255,31914,2992,95,78,frontend-dev-bookmarks,8,None,129,1,https://github.com/dypsilon/frontend-dev-bookmarks
256,31906,4127,4545,4219,video.js,8,JavaScript,1424,248,https://github.com/videojs/video.js
257,31862,2910,4759,3879,caffe,8,C++,1087,14,https://github.com/BVLC/caffe
258,31853,2421,2156,1802,material-design-lite,8,HTML,655,14,https://github.com/google/material-design-lite
259,31841,1814,10149,9064,vuetify,8,TypeScript,2724,405,https://github.com/vuetifyjs/vuetify
260,31764,3180,2330,2313,shadowsocks-android,8,Kotlin,241,179,https://github.com/shadowsocks/shadowsocks-android
261,31636,1790,1318,1282,lottie-android,8,Java,462,36,https://github.com/airbnb/lottie-android
262,31608,2976,3992,3726,glide,8,Java,376,36,https://github.com/bumptech/glide
263,31593,2964,843,819,koa,8,JavaScript,399,0,https://github.com/koajs/koa
264,31591,482,61,61,design-resources-for-developers,8,None,639,0,https://github.com/bradtraversy/design-resources-for-developers
265,31590,3996,4587,4110,Leaflet,8,JavaScript,2118,22,https://github.com/Leaflet/Leaflet
266,31570,2458,9693,8988,grpc,8,C++,13787,177,https://github.com/grpc/grpc
267,31568,2204,925,743,CppCoreGuidelines,8,Python,692,4,https://github.com/isocpp/CppCoreGuidelines
268,31526,1728,191,134,deeplearningbook-chinese,8,TeX,16,7,https://github.com/exacity/deeplearningbook-chinese
269,31439,1163,262,193,mkcert,8,Go,49,13,https://github.com/FiloSottile/mkcert
270,31420,1657,49,42,design-patterns-for-humans,8,None,47,0,https://github.com/kamranahmedse/design-patterns-for-humans
271,31370,2598,3435,2877,imgui,8,C++,268,75,https://github.com/ocornut/imgui
272,31287,2617,1193,1103,immutable-js,8,TypeScript,426,59,https://github.com/immutable-js/immutable-js
273,31177,3729,0,0,php-src,8,C,857,0,https://github.com/php/php-src
274,31130,1326,68,55,front-end-interview-handbook,8,JavaScript,198,0,https://github.com/yangshun/front-end-interview-handbook
275,31079,2174,580,572,clipboard.js,8,JavaScript,97,39,https://github.com/zenorocha/clipboard.js
276,31072,3926,3300,3221,jQuery-File-Upload,8,PHP,116,0,https://github.com/blueimp/jQuery-File-Upload
277,30865,1648,100,67,AiLearning,8,Python,467,2,https://github.com/apachecn/AiLearning
278,30803,2420,12848,5127,XX-Net,8,Python,359,308,https://github.com/XX-net/XX-Net
279,30796,4025,21108,17770,pandas,8,Python,16833,78,https://github.com/pandas-dev/pandas
280,30701,2795,80,68,android-open-project,8,None,201,0,https://github.com/Trinea/android-open-project
281,30684,741,563,531,hoppscotch,8,Vue,793,10,https://github.com/hoppscotch/hoppscotch
282,30655,3319,2915,1868,quill,8,JavaScript,210,82,https://github.com/quilljs/quill
283,30636,497,2479,2074,vite,8,TypeScript,999,0,https://github.com/vitejs/vite
284,30617,2744,0,0,spark,8,Scala,5,0,https://github.com/apache/spark
285,30611,2854,105,19,what-happens-when,8,None,107,0,https://github.com/alex/what-happens-when
286,30568,1987,1111,852,new-pac,8,None,0,0,https://github.com/Alvin9999/new-pac
287,30544,1847,142,62,PythonDataScienceHandbook,8,Jupyter Notebook,28,0,https://github.com/jakevdp/PythonDataScienceHandbook
288,30487,2296,13392,11084,Rocket.Chat,8,JavaScript,7283,548,https://github.com/RocketChat/Rocket.Chat
289,30406,2891,1580,1170,obs-studio,8,C,2082,136,https://github.com/obsproject/obs-studio
290,30309,1782,47,4,Deep-Learning-Papers-Reading-Roadmap,8,Python,27,0,https://github.com/floodsung/Deep-Learning-Papers-Reading-Roadmap
291,30233,3063,3730,3570,phaser,8,JavaScript,1388,116,https://github.com/photonstorm/phaser
292,30188,2350,61,34,awesome-react-native,8,JavaScript,912,0,https://github.com/jondot/awesome-react-native
293,30187,1955,287,284,trackerslist,8,None,1,0,https://github.com/ngosang/trackerslist
294,30069,1567,665,461,12306,8,Python,31,1,https://github.com/testerSunshine/12306
295,29970,3451,344,244,wrk,8,C,0,0,https://github.com/wg/wrk
296,29970,2479,3654,3451,kong,8,Lua,2631,110,https://github.com/Kong/kong
297,29932,1875,210,83,og-aws,8,Shell,483,0,https://github.com/open-guides/og-aws
298,29903,1467,7554,7460,ant-design-pro,8,TypeScript,858,23,https://github.com/ant-design/ant-design-pro
299,29728,1858,1328,1238,AndroidUtilCode,8,Java,73,116,https://github.com/Blankj/AndroidUtilCode
300,29709,2181,1419,1267,preact,8,JavaScript,1172,150,https://github.com/preactjs/preact
301,29704,2610,106,104,awesome-java,8,None,590,0,https://github.com/akullpp/awesome-java
302,29694,1908,1254,1016,ShadowsocksX-NG,8,Swift,60,26,https://github.com/shadowsocks/ShadowsocksX-NG
303,29559,2097,2095,1468,lerna,8,JavaScript,581,169,https://github.com/lerna/lerna
304,29540,2461,487,266,nerd-fonts,8,CSS,135,20,https://github.com/ryanoasis/nerd-fonts
305,29500,1778,0,0,PayloadsAllTheThings,8,Python,283,1,https://github.com/swisskyrepo/PayloadsAllTheThings
306,29452,1241,7709,6888,taro,8,JavaScript,1638,92,https://github.com/NervJS/taro
307,29380,2127,5295,5260,gold-miner,8,None,3351,0,https://github.com/xitu/gold-miner
308,29291,3011,5079,2472,ijkplayer,8,C,35,0,https://github.com/bilibili/ijkplayer
309,29286,2057,9389,6371,PowerShell,8,C#,5020,99,https://github.com/PowerShell/PowerShell
310,29157,1741,1127,1038,openpilot,8,C++,2760,38,https://github.com/commaai/openpilot
311,29097,3610,8087,7771,foundation-sites,8,HTML,2916,71,https://github.com/foundation/foundation-sites
312,29093,418,517,442,github-readme-stats,8,JavaScript,290,0,https://github.com/anuraghazra/github-readme-stats
313,29043,3373,74,62,python-patterns,8,Python,248,0,https://github.com/faif/python-patterns
314,29024,2421,5348,5326,minio,8,Go,6458,258,https://github.com/minio/minio
315,28976,1228,893,812,bat,8,Rust,803,33,https://github.com/sharkdp/bat
316,28901,1041,1065,337,bert,8,Python,32,0,https://github.com/google-research/bert
317,28864,2004,3264,3226,brew,8,Ruby,6935,216,https://github.com/Homebrew/brew
318,28806,4019,4620,4363,sentry,8,Python,21052,80,https://github.com/getsentry/sentry
319,28798,2186,8476,6644,tidb,8,Go,16117,128,https://github.com/pingcap/tidb
320,28792,828,707,661,Real-Time-Voice-Cloning,8,Python,41,0,https://github.com/CorentinJ/Real-Time-Voice-Cloning
321,28700,1959,85,73,HEAD,8,None,86,0,https://github.com/joshbuchea/HEAD
322,28641,2728,17550,16211,terraform,8,Go,9476,177,https://github.com/hashicorp/terraform
323,28608,2738,55,36,es6features,8,None,41,0,https://github.com/lukehoban/es6features
324,28512,2295,275,100,styleguide,8,HTML,128,0,https://github.com/google/styleguide
325,28502,3900,4727,4716,phantomjs,8,C++,562,0,https://github.com/ariya/phantomjs
326,28474,914,2568,1584,ghidra,8,Java,213,14,https://github.com/NationalSecurityAgency/ghidra
327,28471,2725,4051,3399,rclone,8,Go,1048,78,https://github.com/rclone/rclone
328,28425,1537,541,524,carbon,8,JavaScript,574,201,https://github.com/carbon-app/carbon
329,28347,2249,997,835,nativefier,8,TypeScript,210,68,https://github.com/nativefier/nativefier
330,28296,2075,4976,4321,vue-cli,8,JavaScript,1194,155,https://github.com/vuejs/vue-cli
331,28283,660,497,491,rich,8,Python,321,112,https://github.com/willmcgugan/rich
332,28265,3611,1100,1092,zxing,8,Java,173,27,https://github.com/zxing/zxing
333,28253,3457,3972,3852,swiper,8,JavaScript,425,0,https://github.com/nolimits4web/swiper
334,28234,2484,4873,4360,certbot,8,Python,3315,21,https://github.com/certbot/certbot
335,28208,1184,1024,700,DeepFaceLab,8,Python,32,2,https://github.com/iperov/DeepFaceLab
336,28128,459,34,31,hello-algorithm,8,Java,23,0,https://github.com/geekxh/hello-algorithm
337,28060,1539,1969,1461,formik,8,TypeScript,740,170,https://github.com/formium/formik
338,28012,2409,234,234,open-source-ios-apps,8,Swift,627,36,https://github.com/dkhamsing/open-source-ios-apps
339,27904,2611,59,49,awesome-awesomeness,8,Ruby,192,0,https://github.com/bayandin/awesome-awesomeness
340,27893,1881,346,285,kubernetes-the-hard-way,8,None,69,0,https://github.com/kelseyhightower/kubernetes-the-hard-way
341,27827,2386,1857,1806,react-boilerplate,8,JavaScript,715,16,https://github.com/react-boilerplate/react-boilerplate
342,27802,3988,2388,2331,backbone,8,JavaScript,851,0,https://github.com/jashkenas/backbone
343,27801,1716,2798,1665,iina,8,Swift,373,38,https://github.com/iina/iina
344,27789,1894,38,37,awesome-react-components,8,None,222,0,https://github.com/brillout/awesome-react-components
345,27779,1747,14217,13520,istio,8,Go,15686,210,https://github.com/istio/istio
346,27722,1030,25,25,MadeWithML,8,Jupyter Notebook,140,0,https://github.com/GokuMohandas/MadeWithML
347,27557,1175,57,30,pure-bash-bible,8,Shell,28,0,https://github.com/dylanaraps/pure-bash-bible
348,27498,987,856,469,Motrix,8,JavaScript,136,14,https://github.com/agalwood/Motrix
349,27496,3742,751,628,todomvc,8,JavaScript,719,5,https://github.com/tastejs/todomvc
350,27493,2995,369,215,android_guides,8,None,10,0,https://github.com/codepath/android_guides
351,27490,4486,17037,17037,legacy-homebrew,8,None,222,0,https://github.com/Homebrew/legacy-homebrew
352,27396,3948,5553,5102,netty,8,Java,2110,0,https://github.com/netty/netty
353,27372,1186,153,149,react,8,JavaScript,238,0,https://github.com/typescript-cheatsheets/react
354,27260,574,3130,1665,COVID-19,8,None,839,0,https://github.com/CSSEGISandData/COVID-19
355,27257,4109,1082,1077,async,8,JavaScript,418,7,https://github.com/caolan/async
356,27251,1206,227,140,dive,8,Go,115,24,https://github.com/wagoodman/dive
357,27245,3046,516,480,tutorials,8,Java,7593,0,https://github.com/eugenp/tutorials
358,27175,1893,316,176,programmer-job-blacklist,8,Shell,16,0,https://github.com/shengxinjing/programmer-job-blacklist
359,27145,1464,149,110,wtfpython,8,Python,87,2,https://github.com/satwikkansal/wtfpython
360,27066,3193,2027,1566,sheetjs,8,Makefile,87,0,https://github.com/SheetJS/sheetjs
361,27015,888,215,63,955.WLB,8,None,16,0,https://github.com/formulahendry/955.WLB
362,27002,2717,3448,2349,slick,8,JavaScript,235,48,https://github.com/kenwheeler/slick
363,26979,658,56,35,JavaFamily,8,None,2,0,https://github.com/AobingJava/JavaFamily
364,26915,2857,66,39,500lines,8,JavaScript,175,0,https://github.com/aosabook/500lines
365,26901,3088,912,726,jadx,8,Java,271,14,https://github.com/skylot/jadx
366,26884,655,2669,2369,playwright,8,JavaScript,5060,45,https://github.com/microsoft/playwright
367,26875,1098,1358,1223,arthas,8,Java,340,36,https://github.com/alibaba/arthas
368,26862,3258,775,206,jieba,8,Python,96,9,https://github.com/fxsjy/jieba
369,26859,1999,1251,1169,ripgrep,8,Rust,408,66,https://github.com/BurntSushi/ripgrep
370,26851,3471,3048,3017,beego,8,Go,1071,10,https://github.com/beego/beego
371,26757,3648,367,237,dotfiles,8,Shell,44,0,https://github.com/mathiasbynens/dotfiles
372,26725,1397,152,129,open-source-mac-os-apps,8,Swift,425,0,https://github.com/serhii-londar/open-source-mac-os-apps
373,26711,1577,175,91,cheat.sh,8,Python,113,0,https://github.com/chubin/cheat.sh
374,26707,1904,1312,1122,esbuild,8,Go,126,107,https://github.com/evanw/esbuild
375,26678,3082,0,0,the-way-to-go_ZH_CN,8,Go,545,0,https://github.com/unknwon/the-way-to-go_ZH_CN
376,26676,2238,1159,1095,vuex,8,JavaScript,636,51,https://github.com/vuejs/vuex
377,26659,2521,1231,920,date-fns,8,JavaScript,861,96,https://github.com/date-fns/date-fns
378,26565,2316,1306,1226,leakcanary,8,Kotlin,727,27,https://github.com/square/leakcanary
379,26427,981,530,472,sherlock,8,Python,344,0,https://github.com/sherlock-project/sherlock
380,26367,2868,939,847,devdocs,8,Ruby,355,0,https://github.com/freeCodeCamp/devdocs
381,26336,1353,89,59,JCSprout,8,Java,69,0,https://github.com/crossoverJie/JCSprout
382,26194,2561,638,493,leveldb,8,C++,35,21,https://github.com/google/leveldb
383,26106,1760,101,97,spring-boot-examples,8,Java,7,0,https://github.com/ityouknow/spring-boot-examples
384,26091,2980,1867,1854,json,8,C++,473,35,https://github.com/nlohmann/json
385,26089,4328,1393,1361,underscore,8,JavaScript,726,0,https://github.com/jashkenas/underscore
386,26072,1533,1771,1611,docusaurus,8,TypeScript,3033,100,https://github.com/facebook/docusaurus
387,26015,3609,570,494,Faker,8,PHP,824,12,https://github.com/fzaninotto/Faker
388,25983,2344,3441,3406,uBlock,8,JavaScript,185,220,https://github.com/gorhill/uBlock
389,25970,1530,730,638,p3c,8,Kotlin,60,0,https://github.com/alibaba/p3c
390,25938,2408,1155,1089,standard,8,JavaScript,352,0,https://github.com/standard/standard
391,25901,1764,7738,6145,gitea,8,Go,7818,122,https://github.com/go-gitea/gitea
392,25898,1452,67,20,project-layout,8,Makefile,45,0,https://github.com/golang-standards/project-layout
393,25867,3792,0,0,FFmpeg,8,C,15,11,https://github.com/FFmpeg/FFmpeg
394,25858,2448,643,605,weui,8,Less,171,23,https://github.com/Tencent/weui
395,25802,2402,9543,7319,metabase,8,Clojure,6866,207,https://github.com/metabase/metabase
396,25790,1911,2406,1922,monaco-editor,8,JavaScript,98,0,https://github.com/microsoft/monaco-editor
397,25769,3209,1987,1301,shellcheck,8,Haskell,240,26,https://github.com/koalaman/shellcheck
398,25768,1284,0,0,hangzhou_house_knowledge,8,CSS,4,0,https://github.com/houshanren/hangzhou_house_knowledge
399,25733,3101,1165,1070,butterknife,8,Java,346,0,https://github.com/JakeWharton/butterknife
400,25682,4257,16216,15622,symfony,8,PHP,17080,311,https://github.com/symfony/symfony
401,25680,3691,1152,1108,marked,8,JavaScript,630,47,https://github.com/markedjs/marked
402,25645,2835,112,111,awesome-php,8,None,377,0,https://github.com/ziadoz/awesome-php
403,25620,2730,23688,21018,aspnetcore,8,C#,8678,123,https://github.com/dotnet/aspnetcore
404,25539,2170,0,0,awesome-macos-command-line,8,None,104,0,https://github.com/herrbischoff/awesome-macos-command-line
405,25508,3737,6699,6508,composer,8,PHP,2252,119,https://github.com/composer/composer
406,25445,2361,2914,2750,rxjs,8,TypeScript,2286,0,https://github.com/ReactiveX/rxjs
407,25395,2618,76,75,awesome-javascript,8,None,333,0,https://github.com/sorrycc/awesome-javascript
408,25391,1523,37,28,project-guidelines,8,JavaScript,108,0,https://github.com/elsewhencode/project-guidelines
409,25382,1406,0,0,proxyee-down,8,Java,16,49,https://github.com/proxyee-down-org/proxyee-down
410,25373,2010,6131,4901,typeorm,8,TypeScript,1423,3,https://github.com/typeorm/typeorm
411,25297,1787,18,3,machine-learning-for-software-engineers,8,None,57,0,https://github.com/ZuzooVn/machine-learning-for-software-engineers
412,25297,2044,200,178,swift-algorithm-club,8,Swift,606,0,https://github.com/raywenderlich/swift-algorithm-club
413,25283,1820,1965,1484,drawio,8,JavaScript,24,547,https://github.com/jgraph/drawio
414,25274,2006,2551,2405,apollo,8,Java,1053,32,https://github.com/ctripcorp/apollo
415,25265,1469,0,0,d2l-zh,8,Python,788,13,https://github.com/d2l-ai/d2l-zh
416,25265,3873,2208,2126,request,8,JavaScript,650,0,https://github.com/request/request
417,25216,4241,345,121,gitflow,8,Shell,36,0,https://github.com/nvie/gitflow
418,25171,2798,98,80,Hover,8,CSS,22,10,https://github.com/IanLunn/Hover
419,25139,3381,460,448,vimrc,8,Vim script,85,0,https://github.com/amix/vimrc
420,25121,935,4700,3803,v,8,V,5567,63,https://github.com/vlang/v
421,25065,3467,4635,4592,select2,9,JavaScript,687,29,https://github.com/select2/select2
422,25050,1952,1364,1250,gym,8,Python,638,6,https://github.com/openai/gym
423,25022,4358,1457,1298,Modernizr,8,JavaScript,778,24,https://github.com/Modernizr/Modernizr
424,24982,2898,807,796,postcss,8,TypeScript,645,204,https://github.com/postcss/postcss
425,24957,2384,2458,1738,lottie-web,8,JavaScript,94,0,https://github.com/airbnb/lottie-web
426,24937,1314,34,30,python-cheatsheet,8,Python,12,0,https://github.com/gto76/python-cheatsheet
427,24928,2514,576,564,fetch,8,JavaScript,145,38,https://github.com/github/fetch
428,24918,2867,3843,3735,gorm,8,Go,431,2,https://github.com/go-gorm/gorm
429,24911,3227,6326,4917,rethinkdb,8,C++,386,69,https://github.com/rethinkdb/rethinkdb
430,24894,3654,4715,4249,metasploit-framework,8,Ruby,8686,0,https://github.com/rapid7/metasploit-framework
431,24860,4058,9356,8051,sequelize,8,JavaScript,2716,357,https://github.com/sequelize/sequelize
432,24806,1688,3763,3527,joplin,8,TypeScript,1116,224,https://github.com/laurent22/joplin
433,24765,2280,13053,12789,angular-cli,8,TypeScript,6396,412,https://github.com/angular/angular-cli
434,24690,1039,403,204,react-use,8,TypeScript,1322,244,https://github.com/streamich/react-use
435,24690,3155,15230,15225,framework,8,PHP,11289,428,https://github.com/laravel/framework
436,24632,2017,6227,4314,mastodon,8,Ruby,8880,154,https://github.com/mastodon/mastodon
437,24614,2511,3420,2431,nylas-mail,8,JavaScript,139,53,https://github.com/nylas/nylas-mail
438,24607,1483,1384,985,react-beautiful-dnd,8,JavaScript,518,67,https://github.com/atlassian/react-beautiful-dnd
439,24596,2260,444,365,tesseract.js,8,JavaScript,83,33,https://github.com/naptha/tesseract.js
440,24572,1426,911,612,Detectron,8,Python,0,0,https://github.com/facebookresearch/Detectron
441,24555,1009,2472,2452,jeecg-boot,8,Java,12,15,https://github.com/jeecgboot/jeecg-boot
442,24550,2205,5422,4371,vim,8,Vim script,3,0,https://github.com/vim/vim
443,24544,2551,362,84,particles.js,8,JavaScript,21,6,https://github.com/VincentGarreau/particles.js
444,24515,2356,3893,3204,Charts,8,Swift,387,33,https://github.com/danielgindi/Charts
445,24499,2877,1463,1363,webtorrent,8,JavaScript,505,34,https://github.com/webtorrent/webtorrent
446,24491,539,889,511,Ventoy,8,C,48,48,https://github.com/ventoy/Ventoy
447,24436,698,2041,1696,cli,8,Go,955,85,https://github.com/cli/cli
448,24419,1176,1991,1812,vue-next,8,TypeScript,1492,89,https://github.com/vuejs/vue-next
449,24380,3589,3308,1278,druid,8,Java,920,42,https://github.com/alibaba/druid
450,24380,2115,1509,1413,uppy,8,JavaScript,1464,24,https://github.com/transloadit/uppy
451,24347,4214,2608,2379,mitmproxy,8,Python,1737,41,https://github.com/mitmproxy/mitmproxy
452,24338,3287,1304,1280,pyenv,8,Shell,549,47,https://github.com/pyenv/pyenv
453,24328,2912,877,812,vim-plug,8,Vim script,157,4,https://github.com/junegunn/vim-plug
454,24172,2590,424,361,angular-styleguide,8,None,331,0,https://github.com/johnpapa/angular-styleguide
455,24167,3699,2221,1545,html2canvas,8,TypeScript,172,41,https://github.com/niklasvh/html2canvas
456,24163,2549,0,0,ResumeSample,8,None,2,0,https://github.com/geekcompany/ResumeSample
457,24124,3614,1025,1012,cheerio,8,TypeScript,676,55,https://github.com/cheeriojs/cheerio
458,24115,2362,1738,1732,mobx,8,TypeScript,892,40,https://github.com/mobxjs/mobx
459,24044,1013,33,30,libpku,8,TeX,22,0,https://github.com/lib-pku/libpku
460,23980,1307,446,386,tabler,8,HTML,176,26,https://github.com/tabler/tabler
461,23978,2170,660,110,layui,8,JavaScript,32,48,https://github.com/sentsin/layui
462,23947,1775,34,32,cs-video-courses,8,None,77,0,https://github.com/Developer-Y/cs-video-courses
463,23943,955,505,286,Daily-Interview-Question,8,JavaScript,15,0,https://github.com/Advanced-Frontend/Daily-Interview-Question
464,23909,2710,0,0,gitbook,8,JavaScript,214,0,https://github.com/GitbookIO/gitbook
465,23902,1632,207,84,Blog,8,None,3,0,https://github.com/mqyqingfeng/Blog
466,23858,1860,5533,4459,iview,9,Vue,526,85,https://github.com/iview/iview
467,23852,2626,743,714,husky,8,JavaScript,172,54,https://github.com/typicode/husky
468,23844,3930,1507,696,aria2,8,C++,195,23,https://github.com/aria2/aria2
469,23827,1170,4123,2774,graphql-engine,8,Haskell,2086,105,https://github.com/hasura/graphql-engine
470,23746,2762,0,0,drone,8,Go,877,3,https://github.com/drone/drone
471,23715,4362,2057,1986,SDWebImage,8,Objective-C,781,101,https://github.com/SDWebImage/SDWebImage
472,23686,3589,3111,1535,fastjson,8,Java,406,82,https://github.com/alibaba/fastjson
473,23566,3562,214,85,Python,8,Python,915,0,https://github.com/geekcomputers/Python
474,23560,3333,545,444,EventBus,8,Java,29,5,https://github.com/greenrobot/EventBus
475,23518,2518,1302,1298,HanLP,8,Python,65,54,https://github.com/hankcs/HanLP
476,23505,3151,226,86,Probabilistic-Programming-and-Bayesian-Methods-for-Hackers,9,Jupyter Notebook,236,0,https://github.com/CamDavidsonPilon/Probabilistic-Programming-and-Bayesian-Methods-for-Hackers
477,23490,2226,1785,1620,googletest,8,C++,684,3,https://github.com/google/googletest
478,23476,3822,259,173,python-guide,8,Batchfile,675,0,https://github.com/realpython/python-guide
479,23460,3961,2652,1889,ace,8,JavaScript,1387,0,https://github.com/ajaxorg/ace
480,23456,2432,172,131,linux-insides,8,Python,537,0,https://github.com/0xAX/linux-insides
481,23454,2317,60,29,interactive-coding-challenges,8,Python,176,0,https://github.com/donnemartin/interactive-coding-challenges
482,23346,2961,641,407,CodeHub,8,C#,13,4,https://github.com/CodeHubApp/CodeHub
483,23326,931,26,25,Awesome-Design-Tools,8,JavaScript,283,0,https://github.com/goabstract/Awesome-Design-Tools
484,23309,3882,3971,3565,CodeMirror,8,JavaScript,519,150,https://github.com/codemirror/CodeMirror
485,23297,2002,7885,7372,lighthouse,8,JavaScript,3848,73,https://github.com/GoogleChrome/lighthouse
486,23275,2075,2113,1483,acme.sh,8,Shell,1027,33,https://github.com/acmesh-official/acme.sh
487,23270,4182,5882,5189,pandoc,8,Haskell,1170,100,https://github.com/jgm/pandoc
488,23262,2023,537,419,handson-ml,8,Jupyter Notebook,48,0,https://github.com/ageron/handson-ml
489,23240,2933,139,47,nprogress,8,JavaScript,34,7,https://github.com/rstacruz/nprogress
490,23215,2822,5545,5104,compose,8,Python,2034,151,https://github.com/docker/compose
491,23193,2562,3094,2951,react-select,8,TypeScript,904,23,https://github.com/JedWatson/react-select
492,23182,3424,3043,3015,YouCompleteMe,8,Python,682,0,https://github.com/ycm-core/YouCompleteMe
493,23175,1915,26,11,awesome-deep-learning-papers,8,TeX,39,0,https://github.com/terryum/awesome-deep-learning-papers
494,23082,1390,134,69,spring-boot-demo,8,Java,14,0,https://github.com/xkcoding/spring-boot-demo
495,23064,1509,88,85,wtfjs,8,JavaScript,83,17,https://github.com/denysdovhan/wtfjs
496,23058,4165,8651,8382,mongoose,8,JavaScript,1374,5,https://github.com/Automattic/mongoose
497,23022,2812,1569,1253,Sortable,8,JavaScript,237,23,https://github.com/SortableJS/Sortable
498,22943,1924,1664,1294,ngx-admin,8,TypeScript,320,16,https://github.com/akveo/ngx-admin
499,22893,1551,1351,1160,SmartRefreshLayout,8,Java,6,8,https://github.com/scwang90/SmartRefreshLayout
500,22872,2332,3919,3048,airflow,8,Python,9122,34,https://github.com/apache/airflow
501,22870,3985,1446,1422,nodemon,8,JavaScript,275,78,https://github.com/remy/nodemon
502,22864,1630,0,0,hiring-without-whiteboards,8,JavaScript,994,0,https://github.com/poteto/hiring-without-whiteboards
503,22863,1872,981,597,fastText,8,HTML,7,4,https://github.com/facebookresearch/fastText
504,22846,2919,778,537,cobra,8,Go,377,14,https://github.com/spf13/cobra
505,22812,2975,2061,2049,cmder,8,C++,336,29,https://github.com/cmderdev/cmder
506,22791,966,0,0,flutter-go,8,Dart,158,4,https://github.com/alibaba/flutter-go
507,22760,2128,20,14,awesome-python-cn,8,Makefile,49,0,https://github.com/jobbole/awesome-python-cn
508,22718,2857,4474,3632,consul,8,Go,5483,61,https://github.com/hashicorp/consul
509,22694,3621,0,0,gitlabhq,8,Ruby,2227,0,https://github.com/gitlabhq/gitlabhq
510,22688,910,2529,2526,react-hook-form,8,TypeScript,1319,396,https://github.com/react-hook-form/react-hook-form
511,22673,1396,58,13,Coursera-ML-AndrewNg-Notes,8,HTML,9,0,https://github.com/fengdu78/Coursera-ML-AndrewNg-Notes
512,22620,4286,2067,1981,jsPDF,8,JavaScript,666,29,https://github.com/MrRio/jsPDF
513,22591,946,790,575,calculator,8,C++,671,0,https://github.com/microsoft/calculator
514,22529,3469,1029,758,hammer.js,8,JavaScript,114,0,https://github.com/hammerjs/hammer.js
515,22517,2718,1140,929,streisand,8,Shell,527,0,https://github.com/StreisandEffect/streisand
516,22496,3971,701,546,Vundle.vim,8,Vim script,86,0,https://github.com/VundleVim/Vundle.vim
517,22475,4240,8954,8470,vagrant,8,Ruby,2444,0,https://github.com/hashicorp/vagrant
518,22424,3573,782,402,the_silver_searcher,8,C,399,0,https://github.com/ggreer/the_silver_searcher
519,22399,607,1438,1089,excalidraw,8,TypeScript,2028,1,https://github.com/excalidraw/excalidraw
520,22311,2128,1064,705,react-virtualized,8,JavaScript,452,4,https://github.com/bvaughn/react-virtualized
521,22243,2281,2417,2410,tmux,8,C,0,32,https://github.com/tmux/tmux
522,22230,2667,14135,12394,odoo,8,JavaScript,6113,0,https://github.com/odoo/odoo
523,22201,1684,3426,2898,pipenv,8,Python,1021,15,https://github.com/pypa/pipenv
524,22189,1969,3248,2862,BaseRecyclerViewAdapterHelper,8,Java,190,191,https://github.com/CymChad/BaseRecyclerViewAdapterHelper
525,22185,1890,45,39,zju-icicles,8,C,119,0,https://github.com/QSCTech/zju-icicles
526,22178,1919,2092,833,yapi,8,JavaScript,121,1,https://github.com/YMFE/yapi
527,22145,721,727,706,react-query,8,TypeScript,655,255,https://github.com/tannerlinsley/react-query
528,22145,1335,226,88,vhr,8,Java,1,0,https://github.com/lenve/vhr
529,22140,3788,2358,2118,chosen,9,HTML,309,34,https://github.com/harvesthq/chosen
530,22139,3305,373,366,learnGitBranching,8,JavaScript,437,0,https://github.com/pcottle/learnGitBranching
531,22082,3177,233,89,fonts,8,Shell,72,1,https://github.com/powerline/fonts
532,22071,1266,1612,1316,black,8,Python,668,12,https://github.com/psf/black
533,22067,763,1601,1418,v2rayN,8,C#,41,75,https://github.com/2dust/v2rayN
534,22026,2421,612,358,fanqiang,8,Kotlin,2,20,https://github.com/bannedbook/fanqiang
535,22013,3453,6267,5825,sails,8,JavaScript,523,40,https://github.com/balderdashy/sails
536,22007,1900,2606,2224,slate,8,TypeScript,1340,29,https://github.com/ianstormtaylor/slate
537,21980,2612,41,18,awesome-shell,8,None,281,0,https://github.com/alebcay/awesome-shell
538,21973,3751,6484,6166,ember.js,8,JavaScript,7551,406,https://github.com/emberjs/ember.js
539,21969,2896,11881,10559,influxdb,8,Go,8776,65,https://github.com/influxdata/influxdb
540,21905,1790,944,699,lottie-ios,8,Swift,325,44,https://github.com/airbnb/lottie-ios
541,21869,3207,1016,677,Hystrix,8,Java,672,79,https://github.com/Netflix/Hystrix
542,21864,2322,40,40,awesome-electron,8,None,254,0,https://github.com/sindresorhus/awesome-electron
543,21855,3053,559,559,pure,9,JavaScript,162,24,https://github.com/pure-css/pure
544,21851,2738,1715,1266,OpenAPI-Specification,8,JavaScript,661,10,https://github.com/OAI/OpenAPI-Specification
545,21838,4367,4035,3938,devise,9,Ruby,742,15,https://github.com/heartcombo/devise
546,21825,2141,11044,9662,dbeaver,8,Java,1656,134,https://github.com/dbeaver/dbeaver
547,21813,2298,319,190,waifu2x,8,Lua,66,3,https://github.com/nagadomi/waifu2x
548,21795,2102,1414,1212,redux-saga,8,JavaScript,631,50,https://github.com/redux-saga/redux-saga
549,21782,3006,2250,2214,dokku,8,Shell,2140,199,https://github.com/dokku/dokku
550,21755,2527,681,540,sweetalert,8,TypeScript,82,13,https://github.com/t4t5/sweetalert
551,21726,2685,13,2,blog,8,None,1,0,https://github.com/fouber/blog
552,21723,1590,1705,1563,openpose,8,C++,148,15,https://github.com/CMU-Perceptual-Computing-Lab/openpose
553,21689,3835,3681,3564,django-rest-framework,8,Python,2623,14,https://github.com/encode/django-rest-framework
554,21680,3179,7928,7359,spacemacs,8,Emacs Lisp,1218,158,https://github.com/syl20bnr/spacemacs
555,21670,3295,3901,3647,polymer,8,HTML,1066,115,https://github.com/Polymer/polymer
556,21669,2066,12500,10872,components,8,TypeScript,8968,220,https://github.com/angular/components
557,21653,2051,824,600,ItChat,8,Python,29,13,https://github.com/littlecodersh/ItChat
558,21637,2379,4423,3623,vault,8,Go,6801,21,https://github.com/hashicorp/vault
559,21618,4184,2949,2931,curl,8,C,137,54,https://github.com/curl/curl
560,21604,1263,1189,1105,docz,8,TypeScript,353,126,https://github.com/doczjs/docz
561,21598,1635,171,112,pytorch-tutorial,8,Python,28,0,https://github.com/yunjey/pytorch-tutorial
562,21560,1964,6512,5979,minikube,8,Go,4854,122,https://github.com/kubernetes/minikube
563,21525,1391,46,31,awesome-cheatsheets,8,JavaScript,125,0,https://github.com/LeCoupa/awesome-cheatsheets
564,21506,1443,42,36,modern-js-cheatsheet,8,None,80,0,https://github.com/mbeaudru/modern-js-cheatsheet
565,21489,2528,130,81,os-tutorial,8,C,11,0,https://github.com/cfenollosa/os-tutorial
566,21486,2412,31,21,data-science-ipython-notebooks,8,Python,31,0,https://github.com/donnemartin/data-science-ipython-notebooks
567,21480,2760,97,22,awesome-sysadmin,8,None,183,0,https://github.com/kahun/awesome-sysadmin
568,21477,2671,699,659,octotree,8,JavaScript,249,0,https://github.com/ovity/octotree
569,21462,2763,4110,3860,xgboost,8,C++,2543,35,https://github.com/dmlc/xgboost
570,21458,3151,7474,7297,selenium,8,Java,794,68,https://github.com/SeleniumHQ/selenium
571,21456,2763,35236,31721,cockroach,8,Go,30524,0,https://github.com/cockroachdb/cockroach
572,21449,2602,100,84,awesome-rust,8,Rust,917,0,https://github.com/rust-unofficial/awesome-rust
573,21445,1751,2123,1781,wepy,8,JavaScript,428,8,https://github.com/Tencent/wepy
574,21441,2570,1121,1120,mdb-ui-kit,8,JavaScript,193,13,https://github.com/mdbootstrap/mdb-ui-kit
575,21426,1217,35,24,SpringAll,8,Java,1,0,https://github.com/wuyouzhuguli/SpringAll
576,21379,780,640,572,tauri,8,Rust,1504,199,https://github.com/tauri-apps/tauri
577,21352,1041,88,60,toBeTopJavaer,8,Java,49,0,https://github.com/hollischuang/toBeTopJavaer
578,21346,2499,6507,4097,flow,8,OCaml,158,211,https://github.com/facebook/flow
579,21345,1082,62,30,miaosha,8,Java,9,0,https://github.com/qiurunze123/miaosha
580,21312,1452,1493,1412,fastai,8,Jupyter Notebook,1470,31,https://github.com/fastai/fastai
581,21308,1934,1422,1326,algo,8,Python,470,2,https://github.com/trailofbits/algo
582,21283,2243,1125,1093,react-redux,8,TypeScript,433,94,https://github.com/reduxjs/react-redux
583,21281,2699,2218,518,darknet,8,C,9,0,https://github.com/pjreddie/darknet
584,21235,3799,1610,1065,PhotoSwipe,8,JavaScript,53,11,https://github.com/dimsemenov/PhotoSwipe
585,21161,1818,1815,1757,react-native-elements,8,TypeScript,970,74,https://github.com/react-native-elements/react-native-elements
586,21154,2616,4809,4735,spaCy,8,Python,2350,86,https://github.com/explosion/spaCy
587,21140,4287,1906,1684,hub,8,Go,395,60,https://github.com/github/hub
588,21124,2135,1748,1442,etcher,8,TypeScript,1574,145,https://github.com/balena-io/etcher
589,21081,1273,1002,957,react-spring,8,TypeScript,266,22,https://github.com/pmndrs/react-spring
590,21064,2040,780,715,iris,8,Go,178,15,https://github.com/kataras/iris
591,21060,2401,537,499,kit,8,Go,456,11,https://github.com/go-kit/kit
592,21051,3853,6713,5927,emscripten,8,C,6772,0,https://github.com/emscripten-core/emscripten
593,21048,2993,1526,1301,ramda,8,JavaScript,1212,24,https://github.com/ramda/ramda
594,21045,2609,116,115,awesome-swift,8,Swift,1339,0,https://github.com/matteocrippa/awesome-swift
595,21043,3547,9048,7723,Signal-Android,8,Java,238,0,https://github.com/signalapp/Signal-Android
596,21039,3837,1701,1684,guzzle,8,PHP,843,43,https://github.com/guzzle/guzzle
597,21016,1896,1048,979,NeteaseCloudMusicApi,8,JavaScript,183,134,https://github.com/Binaryify/NeteaseCloudMusicApi
598,21008,3670,808,801,commander.js,8,JavaScript,517,60,https://github.com/tj/commander.js
599,20994,1341,510,500,immer,8,JavaScript,263,86,https://github.com/immerjs/immer
600,20952,2309,263,202,mostly-adequate-guide,8,JavaScript,270,1,https://github.com/MostlyAdequate/mostly-adequate-guide
601,20907,2694,1168,1164,react-starter-kit,8,TypeScript,486,5,https://github.com/kriasoft/react-starter-kit
602,20888,2048,36,22,react-redux-links,8,None,59,0,https://github.com/markerikson/react-redux-links
603,20877,1302,1841,1665,easyexcel,8,Java,64,1,https://github.com/alibaba/easyexcel
604,20859,3353,4392,4347,sqlmap,8,Python,128,6,https://github.com/sqlmapproject/sqlmap
605,20837,2433,42,39,awesome-remote-job,8,None,512,0,https://github.com/lukasz-madon/awesome-remote-job
606,20836,1554,56,44,English-level-up-tips-for-Chinese,8,None,20,0,https://github.com/byoungd/English-level-up-tips-for-Chinese
607,20832,1200,772,569,lazygit,8,Go,558,123,https://github.com/jesseduffield/lazygit
608,20796,2269,5895,5172,mattermost-server,8,Go,10690,260,https://github.com/mattermost/mattermost-server
609,20794,2631,680,571,SwiftyJSON,8,Swift,215,21,https://github.com/SwiftyJSON/SwiftyJSON
610,20788,2332,499,406,dragula,9,JavaScript,57,0,https://github.com/bevacqua/dragula
611,20753,2528,1171,854,devtools,8,TypeScript,216,49,https://github.com/vuejs/devtools
612,20743,1570,5957,5461,ccxt,8,JavaScript,3292,0,https://github.com/ccxt/ccxt
613,20713,1487,409,348,hosts,8,None,50,0,https://github.com/googlehosts/hosts
614,20707,3830,2729,2504,mocha,8,JavaScript,1110,66,https://github.com/mochajs/mocha
615,20706,1575,652,526,architecture-components-samples,8,Kotlin,205,0,https://github.com/android/architecture-components-samples
616,20701,2709,219,183,iosched,8,Kotlin,62,2,https://github.com/google/iosched
617,20695,2020,1675,950,draft-js,8,JavaScript,212,26,https://github.com/facebook/draft-js
618,20693,3086,698,401,ngrok,8,Go,34,0,https://github.com/inconshreveable/ngrok
619,20687,1559,621,435,drawio-desktop,8,JavaScript,12,68,https://github.com/jgraph/drawio-desktop
620,20644,1999,0,0,the-super-tiny-compiler,8,JavaScript,20,0,https://github.com/jamiebuilds/the-super-tiny-compiler
621,20598,2052,1408,1337,vapor,8,Swift,990,414,https://github.com/vapor/vapor
622,20597,977,2235,1735,seata,8,Java,1309,31,https://github.com/seata/seata
623,20586,2812,3079,2383,Wox,8,C#,280,38,https://github.com/Wox-launcher/Wox
624,20584,1806,368,310,first-contributions,8,None,35179,0,https://github.com/firstcontributions/first-contributions
625,20575,3096,666,641,intro.js,8,JavaScript,266,27,https://github.com/usablica/intro.js
626,20565,3196,2288,1887,rocksdb,8,C++,556,140,https://github.com/facebook/rocksdb
627,20554,2652,545,219,feather,8,JavaScript,92,50,https://github.com/feathericons/feather
628,20553,3700,4552,3943,swagger-ui,8,JavaScript,1994,198,https://github.com/swagger-api/swagger-ui
629,20517,2301,2655,2333,rollup,8,JavaScript,1309,292,https://github.com/rollup/rollup
630,20492,2375,1194,1152,echo,8,Go,411,85,https://github.com/labstack/echo
631,20477,2338,1135,1126,RxSwift,8,Swift,721,70,https://github.com/ReactiveX/RxSwift
632,20449,1412,2420,770,Mask_RCNN,8,Python,65,3,https://github.com/matterport/Mask_RCNN
633,20397,2568,299,278,normalizr,8,JavaScript,98,25,https://github.com/paularmstrong/normalizr
634,20383,2375,6266,5346,NativeScript,8,TypeScript,2751,99,https://github.com/NativeScript/NativeScript
635,20344,1273,1685,1264,mpvue,8,JavaScript,64,19,https://github.com/Meituan-Dianping/mpvue
636,20316,4087,2496,2251,pug,8,JavaScript,499,22,https://github.com/pugjs/pug
637,20307,2934,2549,2446,sharp,8,JavaScript,199,40,https://github.com/lovell/sharp
638,20278,1741,576,402,Hero,8,Swift,110,37,https://github.com/HeroTransitions/Hero
639,20274,4611,0,0,mongo,8,C++,114,0,https://github.com/mongodb/mongo
640,20270,2300,640,610,gentelella,8,HTML,161,7,https://github.com/ColorlibHQ/gentelella
641,20254,2646,388,374,the-swift-programming-language-in-chinese,8,CSS,675,1,https://github.com/SwiftGGTeam/the-swift-programming-language-in-chinese
642,20250,1713,740,716,faas,8,Go,647,145,https://github.com/openfaas/faas
643,20236,2536,112,112,awesome-docker,8,None,764,1,https://github.com/veggiemonk/awesome-docker
644,20220,2390,1752,1117,plyr,8,JavaScript,325,75,https://github.com/sampotts/plyr
645,20203,2583,27,22,docker-cheat-sheet,8,None,131,0,https://github.com/wsargent/docker-cheat-sheet
646,20202,3152,3235,2565,canal,8,Java,346,21,https://github.com/alibaba/canal
647,20198,1798,1207,1142,fastify,8,JavaScript,1664,185,https://github.com/fastify/fastify
648,20185,3805,75,63,iTerm2-Color-Schemes,8,Shell,226,0,https://github.com/mbadolato/iTerm2-Color-Schemes
649,20158,1678,8181,7834,react-navigation,9,TypeScript,931,1055,https://github.com/react-navigation/react-navigation
650,20143,1297,340,243,Dress,8,Standard ML,445,0,https://github.com/komeiji-satori/Dress
651,20142,4374,1669,1466,tornado,8,Python,798,0,https://github.com/tornadoweb/tornado
652,20139,3398,580,534,nsq,8,Go,640,30,https://github.com/nsqio/nsq
653,20139,745,2026,1923,chakra-ui,8,TypeScript,1415,1077,https://github.com/chakra-ui/chakra-ui
654,20134,2697,1368,1368,hutool,8,Java,213,97,https://github.com/dromara/hutool
655,20133,1668,61,36,ML-From-Scratch,8,Python,9,0,https://github.com/eriklindernoren/ML-From-Scratch
656,20116,2156,5812,5541,helm,8,Go,3147,144,https://github.com/helm/helm
657,20105,1937,631,284,flv.js,8,JavaScript,20,14,https://github.com/bilibili/flv.js
658,20034,3331,1819,1253,jq,8,C,211,9,https://github.com/stedolan/jq
659,20012,3492,11520,8203,servo,8,None,14015,0,https://github.com/servo/servo
660,20011,919,1416,1401,powerlevel10k,8,Shell,94,27,https://github.com/romkatv/powerlevel10k
661,20008,1299,40,37,interview,8,C++,30,0,https://github.com/huihut/interview
662,20005,118,123,118,zx,8,JavaScript,35,24,https://github.com/google/zx
663,20003,3469,2001,2001,ReactiveCocoa,8,Swift,1342,81,https://github.com/ReactiveCocoa/ReactiveCocoa
664,19992,2817,130,83,The-Art-Of-Programming-By-July,8,C,254,0,https://github.com/julycoding/The-Art-Of-Programming-By-July
665,19979,2273,393,247,react-motion,8,JavaScript,144,4,https://github.com/chenglou/react-motion
666,19976,2784,465,449,scrollreveal,8,JavaScript,32,0,https://github.com/jlmakes/scrollreveal
667,19948,1652,232,142,python-fire,9,Python,44,8,https://github.com/google/python-fire
668,19938,2357,1409,905,gson,8,Java,228,1,https://github.com/google/gson
669,19920,2239,31,17,tips,8,JavaScript,138,0,https://github.com/git-tips/tips
670,19908,2110,66,65,You-Dont-Need-jQuery,8,JavaScript,162,1,https://github.com/nefe/You-Dont-Need-jQuery
671,19873,1369,1500,1179,spring-cloud-alibaba,8,Java,484,25,https://github.com/alibaba/spring-cloud-alibaba
672,19844,2711,256,211,pop,8,Objective-C++,100,3,https://github.com/facebookarchive/pop
673,19832,3662,104,103,DesignPatternsPHP,8,PHP,246,0,https://github.com/DesignPatternsPHP/DesignPatternsPHP
674,19827,807,159,116,github1s,8,TypeScript,175,17,https://github.com/conwnet/github1s
675,19822,1818,3423,3372,Magisk,8,C++,716,119,https://github.com/topjohnwu/Magisk
676,19819,1910,12,4,security-guide-for-developers,8,None,26,0,https://github.com/FallibleInc/security-guide-for-developers
677,19805,2804,3114,3000,react-bootstrap,8,JavaScript,2317,19,https://github.com/react-bootstrap/react-bootstrap
678,19803,3487,2208,1304,GPUImage,8,Objective-C,241,3,https://github.com/BradLarson/GPUImage
679,19799,2590,83,61,android-best-practices,8,None,80,0,https://github.com/futurice/android-best-practices
680,19748,2915,1135,1070,bluebird,8,JavaScript,289,123,https://github.com/petkaantonov/bluebird
681,19725,1505,49,43,LeetCode-Go,8,Go,105,4,https://github.com/halfrost/LeetCode-Go
682,19712,3092,1091,1060,autoprefixer,8,JavaScript,258,171,https://github.com/postcss/autoprefixer
683,19702,2271,78,74,engineering-blogs,8,Ruby,679,0,https://github.com/kilimchoi/engineering-blogs
684,19685,268,0,0,Depix,8,Python,11,0,https://github.com/beurtschipper/Depix
685,19676,3669,0,0,kafka,8,Java,4762,0,https://github.com/apache/kafka
686,19669,2121,1734,1480,enzyme,8,JavaScript,645,0,https://github.com/enzymejs/enzyme
687,19661,3524,874,643,RxJS,9,JavaScript,520,34,https://github.com/Reactive-Extensions/RxJS
688,19655,2758,204,203,ipfs,8,None,124,0,https://github.com/ipfs/ipfs
689,19614,2315,9385,7665,incubator-mxnet,8,C++,8477,28,https://github.com/apache/incubator-mxnet
690,19590,1748,140,92,algorithms,8,Python,399,1,https://github.com/keon/algorithms
691,19544,1259,926,857,halo,8,Java,349,72,https://github.com/halo-dev/halo
692,19523,2832,71,27,How-to-Make-a-Computer-Operating-System,8,C,42,1,https://github.com/SamyPesse/How-to-Make-a-Computer-Operating-System
693,19495,2690,518,518,es6tutorial,8,JavaScript,346,0,https://github.com/ruanyf/es6tutorial
694,19483,2569,341,340,RxAndroid,8,Java,170,18,https://github.com/ReactiveX/RxAndroid
695,19470,2354,752,533,upterm,8,TypeScript,293,187,https://github.com/railsware/upterm
696,19437,1360,69,57,profile-summary-for-github,8,Vue,20,0,https://github.com/tipsy/profile-summary-for-github
697,19423,2136,894,857,Aerial,8,Swift,213,163,https://github.com/JohnCoates/Aerial
698,19404,1072,116,21,algo,8,Python,321,0,https://github.com/wangzheng0822/algo
699,19404,4101,5161,4929,fabric.js,8,JavaScript,1493,111,https://github.com/fabricjs/fabric.js
700,19372,2861,663,485,localForage,8,JavaScript,267,26,https://github.com/localForage/localForage
701,19354,2864,2122,1669,redash,8,Python,2611,96,https://github.com/getredash/redash
702,19294,1244,1757,1353,vuepress,8,JavaScript,745,18,https://github.com/vuejs/vuepress
703,19274,2032,39,21,awesome-vscode,8,JavaScript,228,0,https://github.com/viatsko/awesome-vscode
704,19267,2157,5987,5657,quasar,8,JavaScript,2614,493,https://github.com/quasarframework/quasar
705,19231,1388,1739,1178,marktext,8,JavaScript,808,32,https://github.com/marktext/marktext
706,19226,2478,1489,1413,ava,8,JavaScript,918,80,https://github.com/avajs/ava
707,19199,1062,561,182,google-research,8,Jupyter Notebook,16,0,https://github.com/google-research/google-research
708,19193,2281,781,529,tqdm,8,Python,259,113,https://github.com/tqdm/tqdm
709,19182,1930,3489,2727,portainer,8,JavaScript,1580,83,https://github.com/portainer/portainer
710,19182,3615,674,371,passport,8,JavaScript,46,0,https://github.com/jaredhanson/passport
711,19179,2103,2253,1601,xxl-job,8,Java,93,30,https://github.com/xuxueli/xxl-job
712,19156,2552,193,191,docker_practice,8,Go,242,14,https://github.com/yeasy/docker_practice
713,19136,3378,845,578,folly,8,C++,4,50,https://github.com/facebook/folly
714,19135,2939,48,23,go,8,None,43,0,https://github.com/datasciencemasters/go
715,19114,2275,1488,1425,react-native-web,8,JavaScript,38,19,https://github.com/necolas/react-native-web
716,19093,917,770,503,snowpack,8,JavaScript,1190,78,https://github.com/snowpackjs/snowpack
717,19068,1173,4609,4351,nacos,8,Java,1520,41,https://github.com/alibaba/nacos
718,19064,1519,3317,2415,apollo,8,C++,9603,9,https://github.com/ApolloAuto/apollo
719,19031,3558,1396,1193,glances,8,Python,403,25,https://github.com/nicolargo/glances
720,19031,1712,2310,1846,tabby,8,TypeScript,1016,137,https://github.com/Eugeny/tabby
721,19021,3887,4464,4443,elixir,8,Elixir,5581,113,https://github.com/elixir-lang/elixir
722,19007,2985,8633,8525,eslint,8,JavaScript,4829,245,https://github.com/eslint/eslint
723,18985,3848,677,657,monolog,8,PHP,592,46,https://github.com/Seldaek/monolog
724,18979,2705,1237,1064,nightmare,8,JavaScript,251,1,https://github.com/segmentio/nightmare
725,18953,2493,1251,1161,material-dialogs,8,Kotlin,179,92,https://github.com/afollestad/material-dialogs
726,18939,1048,2060,1950,clash_for_windows_pkg,8,None,1,131,https://github.com/Fndroid/clash_for_windows_pkg
727,18933,1166,89,64,NLP-progress,8,Python,431,3,https://github.com/sebastianruder/NLP-progress
728,18897,2194,48,44,css-protips,8,None,45,0,https://github.com/AllThingsSmitty/css-protips
729,18896,1104,196,93,windows95,8,TypeScript,17,12,https://github.com/felixrieseberg/windows95
730,18867,2042,3974,3812,parse-server,8,JavaScript,2752,82,https://github.com/parse-community/parse-server
731,18854,2253,0,0,dnSpy,8,C#,53,1,https://github.com/dnSpy/dnSpy
732,18852,3137,1267,1016,howler.js,8,JavaScript,124,24,https://github.com/goldfire/howler.js
733,18840,3895,1717,1664,highlight.js,8,JavaScript,1161,28,https://github.com/highlightjs/highlight.js
734,18811,3308,3383,3234,libgdx,8,Java,2301,8,https://github.com/libgdx/libgdx
735,18805,2948,4437,4403,RedisDesktopManager,8,C++,360,76,https://github.com/uglide/RedisDesktopManager
736,18804,2339,1117,1055,Kingfisher,8,Swift,506,153,https://github.com/onevcat/Kingfisher
737,18785,859,1450,752,WeChatExtension-ForMac,8,Objective-C,45,46,https://github.com/MustangYM/WeChatExtension-ForMac
738,18775,1916,8868,7460,ClickHouse,8,C++,15916,278,https://github.com/ClickHouse/ClickHouse
739,18757,1953,525,396,xi-editor,9,Rust,651,0,https://github.com/xi-editor/xi-editor
740,18748,2871,6586,6534,generator-jhipster,8,JavaScript,8436,12,https://github.com/jhipster/generator-jhipster
741,18689,936,43,29,ChromeAppHeroes,8,JavaScript,7,0,https://github.com/zhaoolee/ChromeAppHeroes
742,18651,867,4345,46,fe-interview,8,JavaScript,8,2,https://github.com/haizlin/fe-interview
743,18636,1684,567,564,hyperapp,8,JavaScript,270,26,https://github.com/jorgebucaran/hyperapp
744,18635,1849,1092,990,pkg,8,JavaScript,115,30,https://github.com/vercel/pkg
745,18634,1575,516,479,fd,8,Rust,257,25,https://github.com/sharkdp/fd
746,18626,3751,77,48,idiomatic.js,8,None,114,0,https://github.com/rwaldron/idiomatic.js
747,18619,3487,392,181,fastclick,8,HTML,67,3,https://github.com/ftlabs/fastclick
748,18601,1178,1144,1112,clash,8,Go,190,37,https://github.com/Dreamacro/clash
749,18565,1794,157,118,js-stack-from-scratch,8,JavaScript,55,1,https://github.com/verekia/js-stack-from-scratch
750,18549,2206,74,74,IntelliJ-IDEA-Tutorial,8,None,39,0,https://github.com/judasn/IntelliJ-IDEA-Tutorial
751,18530,3428,1221,1189,hosts,8,Python,343,353,https://github.com/StevenBlack/hosts
752,18514,2876,582,520,logrus,8,Go,387,13,https://github.com/sirupsen/logrus
753,18513,2363,2090,1729,gfwlist,8,None,0,0,https://github.com/gfwlist/gfwlist
754,18509,3453,776,533,skrollr,9,HTML,35,0,https://github.com/Prinzhorn/skrollr
755,18509,1219,11,3,architecture.of.internet-product,8,None,1,0,https://github.com/davideuler/architecture.of.internet-product
756,18503,2703,583,535,web-starter-kit,8,HTML,234,14,https://github.com/google/web-starter-kit
757,18470,1791,1055,1018,eShopOnContainers,8,C#,421,9,https://github.com/dotnet-architecture/eShopOnContainers
758,18453,3466,5904,5883,homebrew-cask,8,Ruby,88872,81,https://github.com/Homebrew/homebrew-cask
759,18426,2819,58,53,SpinKit,9,CSS,51,9,https://github.com/tobiasahlin/SpinKit
760,18415,673,446,388,swr,8,TypeScript,365,46,https://github.com/vercel/swr
761,18403,2571,569,545,popmotion,9,JavaScript,292,0,https://github.com/Popmotion/popmotion
762,18379,983,1423,866,notable,8,TypeScript,25,20,https://github.com/notable/notable
763,18368,4203,0,0,ruby,8,Ruby,1699,0,https://github.com/ruby/ruby
764,18361,2114,83,16,skill-map,8,HTML,42,2,https://github.com/TeamStuQ/skill-map
765,18358,3082,1610,990,stackedit,8,JavaScript,35,13,https://github.com/benweet/stackedit
766,18358,3776,198,124,Skeleton,8,CSS,25,6,https://github.com/dhg/Skeleton
767,18353,2357,478,477,js-cookie,8,JavaScript,59,33,https://github.com/js-cookie/js-cookie
768,18340,1745,986,859,docsify,8,JavaScript,446,11,https://github.com/docsifyjs/docsify
769,18316,2820,2681,2616,vue-router,8,JavaScript,583,82,https://github.com/vuejs/vue-router
770,18299,2192,227,218,macOS-Security-and-Privacy-Guide,9,Python,133,0,https://github.com/drduh/macOS-Security-and-Privacy-Guide
771,18283,2465,2600,2587,homebridge,8,TypeScript,284,23,https://github.com/homebridge/homebridge
772,18263,2866,455,379,zsh-autosuggestions,8,Shell,104,0,https://github.com/zsh-users/zsh-autosuggestions
773,18246,882,1082,846,starship,8,Rust,1409,93,https://github.com/starship/starship
774,18217,753,0,0,HarmonyOS,8,C,15,0,https://github.com/Awesome-HarmonyOS/HarmonyOS
775,18213,1034,21,9,homemade-machine-learning,8,Jupyter Notebook,2,0,https://github.com/trekhleb/homemade-machine-learning
776,18186,1769,41,41,jstraining,8,None,17,0,https://github.com/ruanyf/jstraining
777,18168,2590,2795,2332,osquery,8,C++,3756,110,https://github.com/osquery/osquery
778,18165,3665,3174,3114,CodeIgniter,8,PHP,1276,0,https://github.com/bcit-ci/CodeIgniter
779,18151,836,164,76,lazydocker,8,Go,88,28,https://github.com/jesseduffield/lazydocker
780,18150,2533,0,0,v8,8,C++,0,0,https://github.com/v8/v8
781,18146,2636,8260,7753,ExoPlayer,8,Java,501,13,https://github.com/google/ExoPlayer
782,18141,1314,170,61,hacker-laws,8,Shell,149,1,https://github.com/dwmkerr/hacker-laws
783,18138,2253,330,298,reselect,8,JavaScript,98,22,https://github.com/reduxjs/reselect
784,18126,1031,774,619,nps,8,Go,71,59,https://github.com/ehang-io/nps
785,18123,3526,227,77,games,8,None,192,0,https://github.com/leereilly/games
786,18101,2940,367,299,vegeta,8,Go,130,63,https://github.com/tsenart/vegeta
787,18100,723,21,14,reverse-interview,8,None,51,0,https://github.com/viraptor/reverse-interview
788,18098,2297,1457,1422,electron-react-boilerplate,8,JavaScript,720,51,https://github.com/electron-react-boilerplate/electron-react-boilerplate
789,18085,642,529,529,alpine,8,HTML,332,79,https://github.com/alpinejs/alpine
790,18081,3031,1533,1342,picasso,8,Java,473,7,https://github.com/square/picasso
791,18072,1771,2491,1901,blueprint,8,TypeScript,1956,110,https://github.com/palantir/blueprint
792,18072,3982,838,728,validator.js,8,JavaScript,554,8,https://github.com/validatorjs/validator.js
793,18069,244,111,20,coder2gwy,8,None,2,0,https://github.com/coder2gwy/coder2gwy
794,18069,984,225,197,CheatSheetSeries,8,Python,435,0,https://github.com/OWASP/CheatSheetSeries
795,18049,2191,437,144,neural-style,8,Lua,16,0,https://github.com/jcjohnson/neural-style
796,18047,2177,311,253,rustlings,8,Rust,386,23,https://github.com/rust-lang/rustlings
797,18041,1595,5614,5596,vant,8,TypeScript,3484,116,https://github.com/youzan/vant
798,18023,4005,9827,7730,numpy,8,Python,7864,71,https://github.com/numpy/numpy
799,17999,1242,985,983,bypass-paywalls-chrome,8,JavaScript,123,31,https://github.com/iamadamdev/bypass-paywalls-chrome
800,17998,2831,1350,1259,libuv,8,C,526,1,https://github.com/libuv/libuv
801,17984,2006,73,71,my-mac-os,8,None,16,0,https://github.com/nikitavoloboev/my-mac-os
802,17983,2962,454,332,Masonry,11,Objective-C,75,1,https://github.com/SnapKit/Masonry
803,17950,1916,2020,1918,DeepSpeech,8,C++,1337,105,https://github.com/mozilla/DeepSpeech
804,17899,2490,0,0,corefx,8,None,21834,100,https://github.com/dotnet/corefx
805,17893,2254,951,821,graphql-js,8,TypeScript,1909,119,https://github.com/graphql/graphql-js
806,17883,3332,645,475,PhotoView,8,Java,54,5,https://github.com/Baseflow/PhotoView
807,17876,983,63,46,pumpkin-book,8,None,43,4,https://github.com/datawhalechina/pumpkin-book
808,17855,1981,721,703,popper-core,8,JavaScript,430,143,https://github.com/popperjs/popper-core
809,17832,1113,558,444,DoraemonKit,8,Java,268,2,https://github.com/didi/DoraemonKit
810,17826,1053,1826,358,weekly,8,None,43,0,https://github.com/ruanyf/weekly
811,17817,4268,2988,2864,phpunit,8,PHP,742,0,https://github.com/sebastianbergmann/phpunit
812,17796,4512,4523,4053,celery,8,Python,1563,23,https://github.com/celery/celery
813,17774,2644,524,449,SnapKit,8,Swift,118,11,https://github.com/SnapKit/SnapKit
814,17748,3935,0,0,jenkins,8,Java,4120,120,https://github.com/jenkinsci/jenkins
815,17734,1849,6074,5030,envoy,8,C++,9682,61,https://github.com/envoyproxy/envoy
816,17707,879,22,14,REKCARC-TSC-UHT,8,HTML,80,0,https://github.com/PKUanonym/REKCARC-TSC-UHT
817,17696,1999,1881,1855,weex,8,C++,1087,7,https://github.com/alibaba/weex
818,17693,726,2585,2484,detectron2,8,Python,0,9,https://github.com/facebookresearch/detectron2
819,17674,3898,1255,897,winston,8,JavaScript,361,4,https://github.com/winstonjs/winston
820,17655,2867,0,0,Telegram,8,Java,19,68,https://github.com/DrKLO/Telegram
821,17642,1072,170,138,NES.css,8,SCSS,222,7,https://github.com/nostalgic-css/NES.css
822,17635,783,464,400,cascadia-code,8,Python,66,14,https://github.com/microsoft/cascadia-code
823,17633,1875,3215,3095,react-admin,8,TypeScript,2726,200,https://github.com/marmelab/react-admin
824,17614,1188,2429,1955,k3s,8,Go,1145,260,https://github.com/k3s-io/k3s
825,17578,2245,580,340,aos,8,JavaScript,38,0,https://github.com/michalsnik/aos
826,17557,2433,17,14,awesome-deep-learning,8,None,143,0,https://github.com/ChristosChristofidis/awesome-deep-learning
827,17553,632,466,300,wenyan,8,TypeScript,166,13,https://github.com/wenyan-lang/wenyan
828,17530,2124,3815,3745,skywalking,8,Java,3171,46,https://github.com/apache/skywalking
829,17514,3271,2067,1980,joi,8,JavaScript,393,0,https://github.com/sideway/joi
830,17508,1999,1565,1095,micro,8,Go,484,32,https://github.com/zyedidia/micro
831,17504,1455,5513,5407,lede,8,C,1032,1,https://github.com/coolsnowwolf/lede
832,17503,2024,3289,2835,vux,8,Vue,325,79,https://github.com/airyland/vux
833,17475,1876,114,62,api-guidelines,8,None,96,0,https://github.com/microsoft/api-guidelines
834,17465,3309,211,158,source-code-pro,8,CSS,47,13,https://github.com/adobe-fonts/source-code-pro
835,17462,2636,1112,979,postgrest,8,Haskell,619,29,https://github.com/PostgREST/postgrest
836,17445,3700,573,457,FileSaver.js,8,JavaScript,65,14,https://github.com/eligrey/FileSaver.js
837,17444,2004,2341,1899,Boostnote,8,JavaScript,1073,15,https://github.com/BoostIO/Boostnote
838,17441,2779,2813,2175,wekan,8,JavaScript,743,256,https://github.com/wekan/wekan
839,17435,2489,26852,24668,rancher,8,Go,6249,733,https://github.com/rancher/rancher
840,17400,689,534,401,supabase,8,TypeScript,575,14,https://github.com/supabase/supabase
841,17324,1956,2416,1912,insomnia,8,JavaScript,1021,167,https://github.com/Kong/insomnia
842,17322,1752,3980,3568,forem,8,Ruby,9104,0,https://github.com/forem/forem
843,17305,4354,18668,16502,npm,8,None,439,261,https://github.com/npm/npm
844,17279,1900,3633,3449,egg,8,JavaScript,964,83,https://github.com/eggjs/egg
845,17262,3400,5852,5427,fish-shell,8,Shell,1198,33,https://github.com/fish-shell/fish-shell
846,17255,727,7,4,eng-practices,8,None,8,0,https://github.com/google/eng-practices
847,17236,705,566,476,spleeter,8,Python,41,1,https://github.com/deezer/spleeter
848,17222,2637,8944,6837,bazel,8,Java,46,111,https://github.com/bazelbuild/bazel
849,17219,801,410,383,n8n,8,TypeScript,1032,0,https://github.com/n8n-io/n8n
850,17219,2057,43,41,Public-APIs,8,None,326,0,https://github.com/n0shake/Public-APIs
851,17197,2789,3355,3163,redisson,8,Java,284,98,https://github.com/redisson/redisson
852,17195,2149,107,89,remote-jobs,8,JavaScript,828,0,https://github.com/remoteintech/remote-jobs
853,17158,925,45,31,Micro8,8,None,2,0,https://github.com/Micropoor/Micro8
854,17153,2348,22,16,How-To-Ask-Questions-The-Smart-Way,8,JavaScript,75,0,https://github.com/ryanhanwu/How-To-Ask-Questions-The-Smart-Way
855,17147,1261,104,75,CS-Interview-Knowledge-Map,8,None,60,0,https://github.com/InterviewMap/CS-Interview-Knowledge-Map
856,17142,2599,237,228,flux,8,JavaScript,180,2,https://github.com/facebook/flux
857,17112,1245,1598,1295,Sentinel,8,Java,399,18,https://github.com/alibaba/Sentinel
858,17106,1218,2362,2343,coc.nvim,8,TypeScript,465,80,https://github.com/neoclide/coc.nvim
859,17103,181,80,68,ML-For-Beginners,8,Jupyter Notebook,159,0,https://github.com/microsoft/ML-For-Beginners
860,17082,2105,3275,2523,CNTK,8,C++,257,32,https://github.com/microsoft/CNTK
861,17074,3371,2170,1666,SwitchyOmega,8,CoffeeScript,7,51,https://github.com/FelisCatus/SwitchyOmega
862,17070,2780,2052,2045,phoenix,8,Elixir,1836,20,https://github.com/phoenixframework/phoenix
863,17067,2966,3935,3249,uikit,8,HTML,196,203,https://github.com/uikit/uikit
864,17065,2942,326,290,bitcoinbook,8,Python,431,3,https://github.com/bitcoinbook/bitcoinbook
865,17061,1709,2137,2041,SpaceVim,8,Vim script,2096,18,https://github.com/SpaceVim/SpaceVim
866,17054,1247,2953,2635,RSSHub,8,JavaScript,4088,226,https://github.com/DIYgod/RSSHub
867,17050,2701,812,772,velocity,8,JavaScript,54,18,https://github.com/julianshapiro/velocity
868,17036,4259,5819,5227,hhvm,8,C++,89,15,https://github.com/facebook/hhvm
869,17006,3049,410,139,Mock,8,JavaScript,7,14,https://github.com/nuysoft/Mock
870,16997,1771,7451,5870,ray,8,Python,8604,46,https://github.com/ray-project/ray
871,16996,1833,148,60,reinforcement-learning,8,Jupyter Notebook,58,0,https://github.com/dennybritz/reinforcement-learning
872,16995,3328,2874,2812,swoole-src,8,C++,1234,216,https://github.com/swoole/swoole-src
873,16988,1701,134,100,Web,8,JavaScript,0,0,https://github.com/qianguyihao/Web
874,16986,3661,1787,1767,PHPMailer,8,PHP,363,49,https://github.com/PHPMailer/PHPMailer
875,16984,1296,227,150,Complete-Python-3-Bootcamp,8,Jupyter Notebook,11,0,https://github.com/Pierian-Data/Complete-Python-3-Bootcamp
876,16982,2178,908,783,xstate,8,TypeScript,794,106,https://github.com/statelyai/xstate
877,16982,2423,2100,1425,ZeroNet,8,JavaScript,388,22,https://github.com/HelloZeroNet/ZeroNet
878,16968,2614,39,39,awesome-datascience,8,None,204,0,https://github.com/academic/awesome-datascience
879,16965,1440,58,56,chinese-independent-developer,8,None,106,0,https://github.com/1c7/chinese-independent-developer
880,16955,2537,516,368,nvm-windows,8,Go,48,15,https://github.com/coreybutler/nvm-windows
881,16951,2642,0,0,flink,8,Java,4627,0,https://github.com/apache/flink
882,16936,2950,296,293,chalk,8,JavaScript,86,20,https://github.com/chalk/chalk
883,16930,1945,300,212,flexbox-layout,8,Kotlin,246,25,https://github.com/google/flexbox-layout
884,16907,2623,178,145,mojs,8,CoffeeScript,44,19,https://github.com/mojs/mojs
885,16901,1944,849,566,magenta,8,Python,931,47,https://github.com/magenta/magenta
886,16888,2087,25,11,go-patterns,8,Go,10,0,https://github.com/tmrts/go-patterns
887,16876,3583,1297,1291,ws,8,JavaScript,460,76,https://github.com/websockets/ws
888,16871,3848,1190,1161,locust,8,Python,445,53,https://github.com/locustio/locust
889,16871,2216,2198,1969,recharts,8,TypeScript,316,0,https://github.com/recharts/recharts
890,16869,2884,4844,4454,ShareX,8,C#,641,69,https://github.com/ShareX/ShareX
891,16859,1402,268,184,nocodb,8,Vue,89,16,https://github.com/nocodb/nocodb
892,16847,1801,3428,2942,prisma1,8,Scala,1358,182,https://github.com/prisma/prisma1
893,16840,3565,1212,773,Android-Universal-Image-Loader,11,Java,51,0,https://github.com/nostra13/Android-Universal-Image-Loader
894,16818,2660,1272,1164,delve,8,C,1097,13,https://github.com/go-delve/delve
895,16811,1931,477,323,cleave.js,8,JavaScript,132,66,https://github.com/nosir/cleave.js
896,16799,1919,91,70,Awesome,8,None,206,0,https://github.com/Awesome-Windows/Awesome
897,16789,3839,441,388,jquery-pjax,12,JavaScript,81,11,https://github.com/defunkt/jquery-pjax
898,16776,2615,891,888,hosts,8,Rascal,286,2,https://github.com/kelthuzadx/hosts
899,16771,1833,483,240,examples,8,Python,281,0,https://github.com/pytorch/examples
900,16749,1354,864,735,yew,8,Rust,929,27,https://github.com/yewstack/yew
901,16744,1796,39,39,WaveFunctionCollapse,8,C#,18,0,https://github.com/mxgmn/WaveFunctionCollapse
902,16727,2618,8996,8729,material,9,JavaScript,912,14,https://github.com/angular/material
903,16727,1644,28,15,pytudes,9,Jupyter Notebook,47,0,https://github.com/norvig/pytudes
904,16704,3199,5904,4820,crystal,8,Crystal,3858,88,https://github.com/crystal-lang/crystal
905,16702,966,366,236,handson-ml2,8,Jupyter Notebook,52,0,https://github.com/ageron/handson-ml2
906,16694,3365,59,9,Python-programming-exercises,8,None,0,0,https://github.com/zhiwehu/Python-programming-exercises
907,16687,3240,30,17,fks,9,JavaScript,81,0,https://github.com/JacksonTian/fks
908,16676,2661,1719,1603,flatbuffers,8,C++,1241,18,https://github.com/google/flatbuffers
909,16658,1541,253,198,ink,8,TypeScript,155,41,https://github.com/vadimdemedes/ink
910,16656,2615,3673,3572,jumpserver,8,Python,2559,88,https://github.com/jumpserver/jumpserver
911,16652,2815,4689,4317,jitsi-meet,8,JavaScript,4140,29,https://github.com/jitsi/jitsi-meet
912,16650,4051,2099,1931,mysql,8,JavaScript,109,0,https://github.com/mysqljs/mysql
913,16642,2374,2192,2047,fresco,10,Java,81,44,https://github.com/facebook/fresco
914,16638,4210,2740,2592,less.js,8,JavaScript,438,32,https://github.com/less/less.js
915,16622,2013,3816,3494,apollo-client,8,TypeScript,3602,7,https://github.com/apollographql/apollo-client
916,16599,2335,20,19,react-native-guide,8,None,48,0,https://github.com/reactnativecn/react-native-guide
917,16587,1753,78,53,linux-command,8,HTML,153,9,https://github.com/jaywcjlove/linux-command
918,16579,1752,3164,3148,GSYVideoPlayer,8,Java,25,26,https://github.com/CarGuo/GSYVideoPlayer
919,16567,1015,185,183,OnJava8,9,None,440,0,https://github.com/LingCoder/OnJava8
920,16560,1122,47,40,100-Days-Of-ML-Code,8,Jupyter Notebook,45,0,https://github.com/MLEveryday/100-Days-Of-ML-Code
921,16558,2241,199,194,redux-thunk,8,JavaScript,50,12,https://github.com/reduxjs/redux-thunk
922,16556,2422,785,755,go-micro,8,Go,1206,88,https://github.com/asim/go-micro
923,16555,972,491,435,act,8,Go,246,33,https://github.com/nektos/act
924,16538,3296,1035,845,svgo,8,JavaScript,318,45,https://github.com/svg/svgo
925,16535,2708,676,319,viper,8,Go,170,14,https://github.com/spf13/viper
926,16533,1762,1910,1814,ice,8,TypeScript,2383,52,https://github.com/alibaba/ice
927,16532,2678,9945,9227,tdesktop,8,C++,817,514,https://github.com/telegramdesktop/tdesktop
928,16515,2198,2313,2313,dgraph,8,Go,4197,97,https://github.com/dgraph-io/dgraph
929,16462,2655,630,572,stb,8,C,276,0,https://github.com/nothings/stb
930,16432,3139,37470,29004,kibana,8,TypeScript,65180,56,https://github.com/elastic/kibana
931,16413,2971,610,558,cli,8,Go,506,23,https://github.com/urfave/cli
932,16409,2012,10,10,awesome-tensorflow,9,None,109,0,https://github.com/jtoy/awesome-tensorflow
933,16402,1728,0,0,JavaScript30,8,HTML,144,0,https://github.com/wesbos/JavaScript30
934,16398,1932,1224,986,mint-ui,8,Vue,297,11,https://github.com/ElemeFE/mint-ui
935,16367,4363,2886,2031,vimium,8,JavaScript,585,0,https://github.com/philc/vimium
936,16361,1172,40,19,react-developer-roadmap,8,JavaScript,26,0,https://github.com/adam-golab/react-developer-roadmap
937,16352,2865,433,379,dracula-theme,8,None,83,24,https://github.com/dracula/dracula-theme
938,16345,2746,3259,3135,framework7,8,JavaScript,425,142,https://github.com/framework7io/framework7
939,16334,2952,706,662,trix,8,CoffeeScript,114,31,https://github.com/basecamp/trix
940,16323,1842,13267,11102,Paddle,8,Python,16100,47,https://github.com/PaddlePaddle/Paddle
941,16308,3115,1320,909,typeahead.js,8,JavaScript,106,0,https://github.com/twitter/typeahead.js
942,16304,1851,110,99,Awesome-Linux-Software,8,Python,399,0,https://github.com/luong-komorebi/Awesome-Linux-Software
943,16282,2508,1478,1233,react-dnd,8,TypeScript,1336,132,https://github.com/react-dnd/react-dnd
944,16277,2522,128,45,node-lessons,8,JavaScript,27,0,https://github.com/alsotang/node-lessons
945,16269,3150,6257,5030,openssl,8,C,109,0,https://github.com/openssl/openssl
946,16244,2063,924,921,setup-ipsec-vpn,8,Shell,21,0,https://github.com/hwdsl2/setup-ipsec-vpn
947,16241,4242,1952,1608,jsdom,8,JavaScript,741,28,https://github.com/jsdom/jsdom
948,16228,1258,330,301,litemall,8,Java,89,8,https://github.com/linlinjava/litemall
949,16186,991,539,517,eladmin,8,Java,55,6,https://github.com/elunez/eladmin
950,16174,558,492,405,tools,8,TypeScript,1021,12,https://github.com/rome/tools
951,16170,2103,974,599,editor.js,8,TypeScript,632,19,https://github.com/codex-team/editor.js
952,16155,1818,22,20,awesome-falsehood,8,None,63,0,https://github.com/kdeldycke/awesome-falsehood
953,16146,2247,1480,1452,python-telegram-bot,8,Python,779,83,https://github.com/python-telegram-bot/python-telegram-bot
954,16137,1105,4220,3956,mmdetection,8,Python,1342,16,https://github.com/open-mmlab/mmdetection
955,16123,4049,1283,1188,handlebars.js,8,JavaScript,303,0,https://github.com/handlebars-lang/handlebars.js
956,16122,2478,4403,4035,core,8,Shell,1293,142,https://github.com/dotnet/core
957,16114,3120,1097,974,mybatis-3,8,Java,789,34,https://github.com/mybatis/mybatis-3
958,16107,1636,0,0,react-loadable,8,JavaScript,105,0,https://github.com/jamiebuilds/react-loadable
959,16099,2708,373,372,lowdb,8,JavaScript,65,23,https://github.com/typicode/lowdb
960,16097,2132,346,273,plaid,8,Kotlin,368,0,https://github.com/nickbutcher/plaid
961,16086,2824,84,75,quick-look-plugins,8,None,24,0,https://github.com/sindresorhus/quick-look-plugins
962,16064,1792,95,62,zheng,8,Java,10,0,https://github.com/shuzheng/zheng
963,16049,1336,1872,1266,yuzu,8,C++,4147,0,https://github.com/yuzu-emu/yuzu
964,16036,1280,3043,2032,poetry,8,Python,733,102,https://github.com/python-poetry/poetry
965,16033,1796,34,15,awesome-spider,8,None,38,0,https://github.com/facert/awesome-spider
966,16005,1163,52,49,MS-DOS,8,Assembly,34,0,https://github.com/microsoft/MS-DOS
967,15996,1676,8073,8063,Tasmota,8,C,2899,89,https://github.com/arendst/Tasmota
968,15984,1188,43,40,reactjs-interview-questions,8,JavaScript,75,0,https://github.com/sudheerj/reactjs-interview-questions
969,15965,1226,668,617,MeiliSearch,8,Rust,577,54,https://github.com/meilisearch/MeiliSearch
970,15963,882,1260,967,diem,8,Rust,2987,0,https://github.com/diem/diem
971,15962,3897,269,222,statsd,11,JavaScript,299,0,https://github.com/statsd/statsd
972,15960,1312,1071,821,photoprism,8,Go,151,19,https://github.com/photoprism/photoprism
973,15958,1820,1457,1050,tinker,8,Java,70,42,https://github.com/Tencent/tinker
974,15954,2539,617,380,anko,8,Kotlin,100,26,https://github.com/Kotlin/anko
975,15952,3657,768,688,hubot,8,JavaScript,508,9,https://github.com/hubotio/hubot
976,15943,4274,4096,4041,coffeescript,9,CoffeeScript,851,0,https://github.com/jashkenas/coffeescript
977,15937,3901,687,661,netron,8,JavaScript,1,2,https://github.com/lutzroeder/netron
978,15933,1412,1157,973,firecracker,8,Rust,1279,47,https://github.com/firecracker-microvm/firecracker
979,15903,3108,3095,2947,p5.js,8,JavaScript,1859,77,https://github.com/processing/p5.js
980,15899,1733,484,481,rxdb,8,TypeScript,2516,76,https://github.com/pubkey/rxdb
981,15896,4475,398,338,MBProgressHUD,8,Objective-C,98,0,https://github.com/jdg/MBProgressHUD
982,15894,1515,31,19,API-Security-Checklist,8,None,94,0,https://github.com/shieldfy/API-Security-Checklist
983,15887,2213,1773,1495,relay,8,JavaScript,107,65,https://github.com/facebook/relay
984,15864,782,2225,1862,TDengine,8,C,4845,26,https://github.com/taosdata/TDengine
985,15862,3488,1732,1688,dropzone,8,JavaScript,74,41,https://github.com/dropzone/dropzone
986,15849,1606,48,12,SpringCloudLearning,8,Java,0,0,https://github.com/forezp/SpringCloudLearning
987,15845,1446,1172,616,iview-admin,8,Vue,90,30,https://github.com/iview/iview-admin
988,15826,4822,0,0,reddit,10,Python,18,0,https://github.com/reddit-archive/reddit
989,15818,1890,944,826,Vue.Draggable,8,JavaScript,52,52,https://github.com/SortableJS/Vue.Draggable
990,15815,2144,680,647,fasthttp,8,Go,267,35,https://github.com/valyala/fasthttp
991,15797,231,31,8,modern-unix,8,None,8,0,https://github.com/ibraheemdev/modern-unix
992,15793,3191,1112,982,cat,8,Java,872,0,https://github.com/dianping/cat
993,15792,1722,116,96,rough,8,TypeScript,51,15,https://github.com/rough-stuff/rough
994,15785,4922,857,852,nerdtree,8,Vim script,289,0,https://github.com/preservim/nerdtree
995,15774,3793,1015,865,superagent,8,JavaScript,404,65,https://github.com/visionmedia/superagent
996,15769,2124,9,9,professional-programming,8,Python,23,0,https://github.com/charlax/professional-programming
997,15768,2056,2554,1870,graal,8,Java,607,32,https://github.com/oracle/graal
998,15765,1894,2128,2113,dva,8,JavaScript,201,35,https://github.com/dvajs/dva
999,15762,2374,1802,1791,vnpy,8,C++,891,43,https://github.com/vnpy/vnpy
