stargazerCount,createdAt,open_issues_totalCount,closed_issues_totalCount,name,updatedAt,primaryLanguage_name,pullRequests_totalCount,releases_totalCount,url
328893,2442,15514,15367,freeCodeCamp,9,JavaScript,15301,0,https://github.com/freeCodeCamp/freeCodeCamp
258321,889,0,0,996.ICU,9,Rust,1020,0,https://github.com/996icu/996.ICU
199505,2881,588,569,free-programming-books,9,None,3520,0,https://github.com/EbookFoundation/free-programming-books
190125,1912,275,241,coding-interview-university,9,None,249,0,https://github.com/jwasham/coding-interview-university
187175,2955,9547,9227,vue,9,JavaScript,1046,210,https://github.com/vuejs/vue
173367,3021,10649,10041,react,9,JavaScript,7759,96,https://github.com/facebook/react
169104,1630,530,464,developer-roadmap,9,None,62,4,https://github.com/kamranahmedse/developer-roadmap
167419,2608,283,263,awesome,9,Shell,552,0,https://github.com/sindresorhus/awesome
158555,2124,32618,29308,tensorflow,9,C++,13145,145,https://github.com/tensorflow/tensorflow
152491,3686,20736,20432,bootstrap,9,JavaScript,7112,72,https://github.com/twbs/bootstrap
152057,1990,273,267,public-apis,9,Python,1179,0,https://github.com/public-apis/public-apis
143182,2845,878,799,You-Dont-Know-JS,9,None,350,0,https://github.com/getify/You-Dont-Know-JS
141835,1647,172,55,system-design-primer,9,Python,188,0,https://github.com/donnemartin/system-design-primer
137098,1295,505,430,CS-Notes,9,Java,375,0,https://github.com/CyC2018/CS-Notes
131981,4386,3879,3660,ohmyzsh,9,Shell,2486,0,https://github.com/ohmyzsh/ohmyzsh
128225,2370,58424,49109,flutter,9,Dart,21510,0,https://github.com/flutter/flutter
122319,3949,0,0,gitignore,9,None,1445,0,https://github.com/github/gitignore
120421,2189,118317,112460,vscode,9,TypeScript,7362,44,https://github.com/microsoft/vscode
117705,1256,233,152,javascript-algorithms,9,JavaScript,206,0,https://github.com/trekhleb/javascript-algorithms
116690,3649,0,0,linux,9,C,9,0,https://github.com/torvalds/linux
115496,1210,428,307,build-your-own-x,9,None,84,0,https://github.com/danistefanovic/build-your-own-x
114544,1872,729,724,Python,9,Python,1580,0,https://github.com/TheAlgorithms/Python
113267,3225,1094,1013,javascript,9,JavaScript,765,0,https://github.com/airbnb/javascript
109454,1212,648,592,JavaGuide,9,Java,483,0,https://github.com/Snailclimb/JavaGuide
107319,1279,509,87,Python-100-Days,9,Python,12,0,https://github.com/jackfrued/Python-100-Days
101931,2622,195,191,awesome-python,9,Python,525,0,https://github.com/vinta/awesome-python
99164,3957,24068,20333,youtube-dl,9,Python,1528,340,https://github.com/ytdl-org/youtube-dl
97913,3991,2089,2086,d3,9,JavaScript,438,169,https://github.com/d3/d3
97366,2426,21665,20095,react-native,9,JavaScript,621,162,https://github.com/facebook/react-native
96348,3063,15582,14441,electron,9,C++,12824,797,https://github.com/electron/electron
94755,559,265,240,fucking-algorithm,9,None,202,0,https://github.com/labuladong/fucking-algorithm
94088,2676,541,529,computer-science,9,None,191,0,https://github.com/ossu/computer-science
93818,2295,185,86,the-art-of-command-line,9,None,303,0,https://github.com/jlevy/the-art-of-command-line
89791,1871,7143,6208,create-react-app,9,JavaScript,1886,81,https://github.com/facebook/create-react-app
89024,2569,45626,38573,go,9,Go,0,0,https://github.com/golang/go
87257,2570,3103,2917,axios,9,JavaScript,398,26,https://github.com/axios/axios
82299,2857,0,0,free-programming-books-zh_CN,9,None,269,3,https://github.com/justjavac/free-programming-books-zh_CN
82061,1371,274,272,30-seconds-of-code,9,JavaScript,748,4,https://github.com/30-seconds/30-seconds-of-code
81159,2470,13524,12342,node,9,JavaScript,3226,245,https://github.com/nodejs/node
80244,2643,39071,37356,kubernetes,9,Go,48885,485,https://github.com/kubernetes/kubernetes
77394,1204,4747,4163,deno,9,Rust,5253,141,https://github.com/denoland/deno
76593,1481,8431,7113,terminal,9,C++,2143,54,https://github.com/microsoft/terminal
75867,2539,22982,21253,angular,9,TypeScript,2993,85,https://github.com/angular/angular
73918,2321,21844,21174,ant-design,9,TypeScript,7569,420,https://github.com/ant-design/ant-design
73649,4179,10578,10247,three.js,9,JavaScript,8781,123,https://github.com/mrdoob/three.js
73646,2632,31177,26291,TypeScript,9,TypeScript,10964,140,https://github.com/microsoft/TypeScript
72846,1575,4947,3294,puppeteer,9,TypeScript,1970,69,https://github.com/puppeteer/puppeteer
72271,1791,10183,9196,next.js,9,JavaScript,6998,1105,https://github.com/vercel/next.js
71905,3611,784,775,animate.css,9,CSS,271,22,https://github.com/animate-css/animate.css
70987,2034,6560,5500,models,9,Python,2185,17,https://github.com/tensorflow/models
70482,2570,13600,13091,material-ui,9,JavaScript,11422,316,https://github.com/mui-org/material-ui
70118,1597,3226,2261,vue-element-admin,9,Vue,313,49,https://github.com/PanJiaChen/vue-element-admin
69946,1446,276,251,nodebestpractices,9,JavaScript,668,0,https://github.com/goldbergyoni/nodebestpractices
69624,2579,676,449,java-design-patterns,9,Java,762,0,https://github.com/iluwatar/java-design-patterns
67470,2613,311,284,awesome-go,9,Go,2437,0,https://github.com/avelino/awesome-go
66515,999,53,42,LeetCodeAnimation,9,Java,63,0,https://github.com/MisterBooo/LeetCodeAnimation
66304,3737,0,0,laravel,9,PHP,1327,85,https://github.com/laravel/laravel
65978,3483,17470,11781,Font-Awesome,9,JavaScript,184,43,https://github.com/FortAwesome/Font-Awesome
64188,1992,7920,6662,storybook,9,TypeScript,5806,845,https://github.com/storybookjs/storybook
63615,2337,603,429,thefuck,9,Python,462,16,https://github.com/nvbn/thefuck
62533,2283,618,529,awesome-selfhosted,9,JavaScript,1615,0,https://github.com/awesome-selfhosted/awesome-selfhosted
61904,2142,200,176,awesome-vue,9,None,3181,0,https://github.com/vuejs/awesome-vue
60941,3147,21051,17178,moby,9,Go,16913,97,https://github.com/moby/moby
59738,2013,444,398,realworld,9,Shell,184,0,https://github.com/gothinkster/realworld
59595,4255,9025,8634,angular.js,9,JavaScript,788,0,https://github.com/angular/angular.js
59198,3412,0,0,django,9,Python,6745,0,https://github.com/django/django
59085,3461,8442,8261,webpack,9,JavaScript,3856,342,https://github.com/webpack/webpack
58865,853,9865,7994,PowerToys,9,C#,2619,41,https://github.com/microsoft/PowerToys
58003,4094,40348,33206,rust,9,Rust,35812,89,https://github.com/rust-lang/rust
57784,2485,1102,824,FiraCode,9,Clojure,106,26,https://github.com/tonsky/FiraCode
57025,3738,2003,1429,reveal.js,9,JavaScript,349,34,https://github.com/hakimel/reveal.js
56985,2139,0,0,swift,9,C++,34062,33,https://github.com/apple/swift
56791,3238,22711,22252,spring-boot,9,Java,41,106,https://github.com/spring-projects/spring-boot
56533,3908,6413,5798,bitcoin,9,C++,10560,35,https://github.com/bitcoin/bitcoin
56525,2286,1899,1866,redux,9,TypeScript,1439,64,https://github.com/reduxjs/redux
56382,4165,2187,2170,flask,9,Python,1247,14,https://github.com/pallets/flask
56228,1883,31,29,tech-interview-handbook,9,JavaScript,143,0,https://github.com/yangshun/tech-interview-handbook
56193,3330,8231,6328,opencv,9,C++,9908,54,https://github.com/opencv/opencv
56135,4222,27741,24728,elasticsearch,9,Java,41490,55,https://github.com/elastic/elasticsearch
56090,1060,115,112,advanced-java,9,Java,61,0,https://github.com/doocs/advanced-java
55927,3511,16650,15916,atom,9,JavaScript,3876,534,https://github.com/atom/atom
55861,2834,956,440,json-server,9,JavaScript,97,10,https://github.com/typicode/json-server
55760,1740,106,72,clean-code-javascript,9,JavaScript,146,0,https://github.com/ryanmcdermott/clean-code-javascript
55672,2997,6347,6112,netdata,9,C,4456,47,https://github.com/netdata/netdata
55630,1415,126,125,Front-End-Checklist,9,None,168,1,https://github.com/thedaviddias/Front-End-Checklist
55272,4533,2122,2055,jquery,9,JavaScript,516,2,https://github.com/jquery/jquery
54922,1602,44,20,project-based-learning,9,None,132,0,https://github.com/tuvtran/project-based-learning
54555,3089,6059,5969,Chart.js,9,JavaScript,2462,81,https://github.com/chartjs/Chart.js
54194,4191,3080,2930,socket.io,9,JavaScript,395,40,https://github.com/socketio/socket.io
54136,4449,3569,3459,express,9,JavaScript,220,141,https://github.com/expressjs/express
54007,1243,64,19,architect-awesome,9,None,49,0,https://github.com/xingshaocheng/architect-awesome
53635,2980,5506,4911,hugo,9,Go,1445,163,https://github.com/gohugoio/hugo
53575,1659,46,18,interviews,9,Java,42,0,https://github.com/kdn251/interviews
53331,1379,2335,1509,scrcpy,9,C,25,22,https://github.com/Genymobile/scrcpy
52819,3397,577,302,markdown-here,9,JavaScript,20,11,https://github.com/adam-p/markdown-here
52796,3151,2703,2666,shadowsocks-windows,9,C#,277,54,https://github.com/shadowsocks/shadowsocks-windows
52186,2348,10721,10348,keras,9,Python,2483,28,https://github.com/keras-team/keras
51883,1245,400,381,mall,9,Java,0,1,https://github.com/macrozheng/mall
51717,3475,692,572,httpie,9,Python,193,36,https://github.com/httpie/httpie
51299,2707,368,310,Apollo-11,9,Assembly,296,0,https://github.com/chrislgarry/Apollo-11
51223,4237,1223,1214,html5-boilerplate,9,JavaScript,511,32,https://github.com/h5bp/html5-boilerplate
51128,2294,12908,12703,gatsby,9,JavaScript,15255,94,https://github.com/gatsbyjs/gatsby
51102,2604,70,70,awesome-machine-learning,9,Python,685,0,https://github.com/josephmisiti/awesome-machine-learning
50812,4156,1611,1350,nvm,9,Shell,617,58,https://github.com/nvm-sh/nvm
50741,2633,1650,1314,gin,9,Go,728,18,https://github.com/gin-gonic/gin
50696,1823,16547,14835,element,9,Vue,3136,136,https://github.com/ElemeFE/element
50681,4546,4965,3367,redis,9,C,2106,23,https://github.com/redis/redis
50456,3433,3980,3810,lodash,9,JavaScript,573,2,https://github.com/lodash/lodash
50361,1844,21798,15172,pytorch,9,C++,4586,34,https://github.com/pytorch/pytorch
50229,1037,7559,7220,transformers,9,Python,4478,65,https://github.com/huggingface/transformers
50218,2562,4557,3447,protobuf,9,C++,3152,79,https://github.com/protocolbuffers/protobuf
50112,3491,113,110,Front-end-Developer-Interview-Questions,9,Nunjucks,382,0,https://github.com/h5bp/Front-end-Developer-Interview-Questions
49630,1745,3873,3385,svelte,9,TypeScript,2152,0,https://github.com/sveltejs/svelte
49591,3465,29536,28462,ansible,9,Python,33879,3,https://github.com/ansible/ansible
49502,3067,6163,5230,Semantic-UI,9,JavaScript,351,153,https://github.com/Semantic-Org/Semantic-UI
49481,3859,93,56,resume.github.com,9,JavaScript,84,0,https://github.com/resume/resume.github.com
48887,4890,14913,14565,rails,9,Ruby,18593,45,https://github.com/rails/rails
48614,1302,4019,514,nocode,9,Dockerfile,1,1,https://github.com/kelseyhightower/nocode
48532,2358,0,0,free-for-dev,9,HTML,1569,0,https://github.com/ripienaar/free-for-dev
47732,2080,2029,1942,frp,9,Go,336,65,https://github.com/fatedier/frp
47675,2816,135,122,papers-we-love,9,Shell,386,0,https://github.com/papers-we-love/papers-we-love
47563,1165,53,47,the-book-of-secret-knowledge,9,None,105,0,https://github.com/trimstray/the-book-of-secret-knowledge
47539,3072,14376,12136,echarts,9,TypeScript,831,89,https://github.com/apache/echarts
47350,916,2412,2077,code-server,9,TypeScript,770,66,https://github.com/cdr/code-server
46882,4032,8716,7068,scikit-learn,9,Python,7742,23,https://github.com/scikit-learn/scikit-learn
46498,2769,6996,5801,neovim,9,Vim script,5381,22,https://github.com/neovim/neovim
46058,1945,1788,1762,HelloGitHub,9,Python,14,9,https://github.com/521xueweihan/HelloGitHub
45923,3836,3907,3788,moment,9,JavaScript,709,0,https://github.com/moment/moment
45889,1425,1660,1598,tailwindcss,9,JavaScript,1017,153,https://github.com/tailwindlabs/tailwindcss
45843,3852,3439,3206,requests,9,Python,1390,0,https://github.com/psf/requests
45676,1161,174,79,DeepLearning-500-questions,9,JavaScript,300,0,https://github.com/scutan90/DeepLearning-500-questions
45548,2476,94,46,awesome-public-datasets,9,None,188,0,https://github.com/awesomedata/awesome-public-datasets
45527,1980,0,0,Awesome-Hacking,9,None,25,0,https://github.com/Hack-with-Github/Awesome-Hacking
45231,2905,22414,21402,core,9,Python,26914,803,https://github.com/home-assistant/core
45208,1871,297,230,awesome-mac,9,JavaScript,556,0,https://github.com/jaywcjlove/awesome-mac
45081,2933,19117,18473,ionic-framework,9,TypeScript,2972,249,https://github.com/ionic-team/ionic-framework
45079,3157,3053,3042,RxJava,9,Java,3022,224,https://github.com/ReactiveX/RxJava
45053,3772,479,445,normalize.css,9,CSS,56,0,https://github.com/necolas/normalize.css
44950,1468,30,16,every-programmer-should-know,9,None,86,0,https://github.com/mtdvio/every-programmer-should-know
44842,2582,77,68,awesome-react,9,None,750,0,https://github.com/enaqx/awesome-react
44108,2047,2325,2148,bulma,9,CSS,567,16,https://github.com/jgthms/bulma
44002,3919,21115,20055,spring-framework,9,Java,690,210,https://github.com/spring-projects/spring-framework
43818,2664,5928,5889,react-router,9,JavaScript,1210,155,https://github.com/remix-run/react-router
43731,918,63,29,app-ideas,9,None,149,0,https://github.com/florinpop17/app-ideas
43700,1250,228,219,leetcode,9,JavaScript,217,37,https://github.com/azl397985856/leetcode
43627,2519,1033,710,material-design-icons,9,None,35,16,https://github.com/google/material-design-icons
43513,2820,21195,19320,grafana,9,TypeScript,14100,240,https://github.com/grafana/grafana
43191,4698,4443,4362,jekyll,9,Ruby,2943,100,https://github.com/jekyll/jekyll
43148,1092,31,27,33-js-concepts,9,JavaScript,107,0,https://github.com/leonardomso/33-js-concepts
42569,3512,8563,8473,meteor,9,JavaScript,1416,0,https://github.com/meteor/meteor
42120,2608,92,90,awesome-nodejs,9,None,378,0,https://github.com/sindresorhus/awesome-nodejs
42112,2103,27,27,awesome-interview-questions,9,None,167,0,https://github.com/DopplerHQ/awesome-interview-questions
42090,2651,3275,2637,guava,9,Java,352,32,https://github.com/google/guava
41665,2110,66,33,hacker-scripts,9,JavaScript,62,0,https://github.com/NARKOZ/hacker-scripts
41658,1640,57,56,Best-websites-a-programmer-should-visit,9,None,301,0,https://github.com/sdmg15/Best-websites-a-programmer-should-visit
41521,2576,2133,1807,tesseract,9,C++,1199,12,https://github.com/tesseract-ocr/tesseract
41437,3298,0,0,you-get,9,Python,541,113,https://github.com/soimort/you-get
41355,4208,2497,2010,scrapy,9,Python,1709,20,https://github.com/scrapy/scrapy
41269,2796,29109,23695,godot,9,C++,17353,32,https://github.com/godotengine/godot
41146,2442,90,89,awesome-android-ui,9,None,89,0,https://github.com/wasabeef/awesome-android-ui
41141,1642,1161,546,face_recognition,9,Python,87,2,https://github.com/ageitgey/face_recognition
41039,2215,79,28,big-list-of-naughty-strings,9,Python,90,0,https://github.com/minimaxir/big-list-of-naughty-strings
41031,2120,225,68,TensorFlow-Examples,9,Jupyter Notebook,87,0,https://github.com/aymericdamien/TensorFlow-Examples
40641,3326,3463,3348,okhttp,9,Kotlin,2666,0,https://github.com/square/okhttp
40558,2324,5322,4438,serverless,9,JavaScript,3690,279,https://github.com/serverless/serverless
40366,1736,5110,4387,prettier,9,JavaScript,5165,75,https://github.com/prettier/prettier
40166,1872,391,376,Java,9,Java,528,0,https://github.com/TheAlgorithms/Java
40143,1997,614,471,anime,9,JavaScript,71,14,https://github.com/juliangarnier/anime
40101,2233,6966,6022,superset,9,Python,7372,40,https://github.com/apache/superset
40030,2051,6248,4487,yarn,9,JavaScript,1652,142,https://github.com/yarnpkg/yarn
39809,1669,3661,3610,nest,9,TypeScript,3158,55,https://github.com/nestjs/nest
39737,2835,4619,4344,syncthing,9,Go,1996,270,https://github.com/syncthing/syncthing
39710,1663,0,0,cpython,9,Python,22358,0,https://github.com/python/cpython
39529,2529,7820,7236,babel,9,JavaScript,4349,268,https://github.com/babel/babel
39311,2806,2562,2508,AdminLTE,9,JavaScript,847,70,https://github.com/ColorlibHQ/AdminLTE
39302,2034,409,282,architecture-samples,9,Kotlin,176,0,https://github.com/android/architecture-samples
39068,2162,5284,4780,strapi,9,JavaScript,3547,180,https://github.com/strapi/strapi
39037,4787,0,0,git,9,C,3,0,https://github.com/git/git
38795,1485,3904,3378,parcel,9,JavaScript,1705,5,https://github.com/parcel-bundler/parcel
38625,2869,2000,1769,fzf,9,Go,291,11,https://github.com/junegunn/fzf
38619,1501,74,33,learn-regex,9,None,106,0,https://github.com/ziishaned/learn-regex
38593,2545,5199,4575,materialize,9,JavaScript,449,41,https://github.com/Dogfalo/materialize
38573,4012,2511,2393,retrofit,9,Java,738,0,https://github.com/square/retrofit
38483,3487,0,0,kotlin,9,Kotlin,1856,169,https://github.com/JetBrains/kotlin
38436,1021,1359,1278,iptv,9,JavaScript,2399,0,https://github.com/iptv-org/iptv
38428,3316,286,181,build-web-application-with-golang,9,Go,756,0,https://github.com/astaxie/build-web-application-with-golang
38388,3202,4139,3788,prometheus,9,Go,3893,184,https://github.com/prometheus/prometheus
38323,3527,6933,6084,nw.js,9,JavaScript,563,0,https://github.com/nwjs/nw.js
38233,3041,6139,6099,Ghost,9,JavaScript,5545,441,https://github.com/TryGhost/Ghost
38139,2609,444,443,awesome-ios,9,Swift,2152,0,https://github.com/vsouza/awesome-ios
38120,1351,705,692,faceswap,9,Python,329,3,https://github.com/deepfakes/faceswap
38064,726,187,53,GitHub-Chinese-Top-Charts,9,Java,0,0,https://github.com/kon9chunkit/GitHub-Chinese-Top-Charts
37933,2188,2389,2368,v2ray-core,9,Go,202,247,https://github.com/v2ray/v2ray-core
37903,2481,63,34,awesome-courses,9,None,184,0,https://github.com/prakhar1989/awesome-courses
37538,2757,4752,3997,gogs,9,Go,1197,60,https://github.com/gogs/gogs
37525,1770,6382,6030,nuxt.js,9,JavaScript,2312,150,https://github.com/nuxt/nuxt.js
37359,2495,1486,1045,mermaid,9,JavaScript,617,70,https://github.com/mermaid-js/mermaid
37305,811,176,126,javascript-questions,9,None,262,0,https://github.com/lydiahallie/javascript-questions
37240,2334,2022,1546,x64dbg,9,C++,526,3,https://github.com/x64dbg/x64dbg
37093,1577,0,0,awesome-flutter,9,Dart,391,0,https://github.com/Solido/awesome-flutter
37038,2597,64,50,git-flight-rules,9,None,207,0,https://github.com/k88hudson/git-flight-rules
36974,2978,5480,5317,etcd,9,Go,6436,202,https://github.com/etcd-io/etcd
36699,1712,550,458,vue2-elm,9,Vue,20,0,https://github.com/bailicangdu/vue2-elm
36653,2354,892,591,manim,9,Python,439,3,https://github.com/3b1b/manim
36602,1796,585,444,freecodecamp.cn,9,CSS,55,0,https://github.com/FreeCodeCampChina/freecodecamp.cn
36582,1887,3329,2596,hyper,9,TypeScript,2045,69,https://github.com/vercel/hyper
36393,3534,446,398,impress.js,9,JavaScript,100,14,https://github.com/impress/impress.js
36249,2980,61,31,Projects,9,None,19,0,https://github.com/karan/Projects
36240,2588,2562,2530,Alamofire,9,Swift,499,86,https://github.com/Alamofire/Alamofire
36159,2821,6395,4975,jest,9,TypeScript,4142,127,https://github.com/facebook/jest
36031,1239,872,619,dayjs,9,JavaScript,574,103,https://github.com/iamkun/dayjs
35999,3360,4588,3749,dubbo,9,Java,2516,38,https://github.com/apache/dubbo
35920,3785,20261,16885,julia,9,Julia,17198,105,https://github.com/JuliaLang/julia
35830,3780,7765,7335,pdf.js,9,JavaScript,5194,38,https://github.com/mozilla/pdf.js
35765,1804,0,0,awesome-wechat-weapp,9,None,252,0,https://github.com/justjavac/awesome-wechat-weapp
35536,1343,0,0,awesome-scalability,9,None,24,0,https://github.com/binhnguyennus/awesome-scalability
35431,3024,4358,3914,pm2,9,JavaScript,511,115,https://github.com/Unitech/pm2
35298,3252,7522,6992,DefinitelyTyped,9,TypeScript,39764,1,https://github.com/DefinitelyTyped/DefinitelyTyped
35236,1934,80,65,algorithm-visualizer,9,JavaScript,180,0,https://github.com/algorithm-visualizer/algorithm-visualizer
34935,997,2317,1600,fastapi,9,Python,709,108,https://github.com/tiangolo/fastapi
34850,4479,6382,5847,node-v0.x-archive,9,None,218,0,https://github.com/nodejs/node-v0.x-archive
34782,2179,4628,4040,traefik,9,Go,3161,340,https://github.com/traefik/traefik
34511,1841,2401,2379,styled-components,9,TypeScript,820,110,https://github.com/styled-components/styled-components
34331,2422,2700,2628,caddy,9,Go,1204,88,https://github.com/caddyserver/caddy
34278,2021,3748,3448,alacritty,9,Rust,1304,65,https://github.com/alacritty/alacritty
34140,2138,83,79,awesome-for-beginners,9,None,321,0,https://github.com/MunGell/awesome-for-beginners
34033,2823,754,634,tldr,9,Markdown,4943,2,https://github.com/tldr-pages/tldr
33963,3144,4571,4522,pixijs,9,TypeScript,2170,142,https://github.com/pixijs/pixijs
33921,1824,139,77,chinese-poetry,9,JavaScript,96,1,https://github.com/chinese-poetry/chinese-poetry
33868,3153,0,0,discourse,9,Ruby,11762,0,https://github.com/discourse/discourse
33834,2685,4683,2822,MPAndroidChart,9,Java,190,44,https://github.com/PhilJay/MPAndroidChart
33720,3555,9683,7066,brackets,9,JavaScript,4333,69,https://github.com/adobe/brackets
33653,1771,2766,2440,localstack,9,Python,1516,36,https://github.com/localstack/localstack
33472,1676,557,535,edex-ui,9,JavaScript,397,28,https://github.com/GitSquared/edex-ui
33296,3264,3713,3628,hexo,9,JavaScript,717,101,https://github.com/hexojs/hexo
33262,4126,559,370,faker.js,9,JavaScript,308,0,https://github.com/Marak/faker.js
33213,3745,3110,3059,AFNetworking,10,Objective-C,709,40,https://github.com/AFNetworking/AFNetworking
33057,3481,160,139,SecLists,9,PHP,360,13,https://github.com/danielmiessler/SecLists
33035,3420,0,0,shadowsocks,10,Python,70,2,https://github.com/shadowsocks/shadowsocks
33010,1146,2578,1714,uni-app,9,JavaScript,182,0,https://github.com/dcloudio/uni-app
33002,2909,573,543,slate,9,SCSS,255,24,https://github.com/slatedocs/slate
32948,1106,41,28,funNLP,9,Python,9,0,https://github.com/fighting41love/funNLP
32920,2602,495,161,awesome-cpp,9,None,456,0,https://github.com/fffaraz/awesome-cpp
32768,2464,11616,11505,fastlane,9,Ruby,5716,495,https://github.com/fastlane/fastlane
32766,2372,8515,6935,cypress,9,JavaScript,2784,244,https://github.com/cypress-io/cypress
32721,1153,0,0,100-Days-Of-ML-Code,9,None,6,0,https://github.com/Avik-Jain/100-Days-Of-ML-Code
32655,2698,47,41,github-cheat-sheet,9,None,129,0,https://github.com/tiimgreen/github-cheat-sheet
32468,2902,3741,3564,fullPage.js,9,JavaScript,268,70,https://github.com/alvarotrigo/fullPage.js
32320,294,122,118,Web-Dev-For-Beginners,9,JavaScript,163,0,https://github.com/microsoft/Web-Dev-For-Beginners
32310,2980,1846,1822,gulp,9,JavaScript,395,22,https://github.com/gulpjs/gulp
32196,2641,2298,2209,pi-hole,9,Shell,1257,68,https://github.com/pi-hole/pi-hole
32171,2848,600,583,hackathon-starter,9,JavaScript,301,13,https://github.com/sahat/hackathon-starter
32094,813,42,18,interview_internal_reference,9,Python,35,0,https://github.com/0voice/interview_internal_reference
32079,3096,1856,1385,huginn,9,Ruby,900,0,https://github.com/huginn/huginn
31935,2805,5792,5553,go-ethereum,9,Go,4779,146,https://github.com/ethereum/go-ethereum
31902,2992,95,78,frontend-dev-bookmarks,9,None,129,1,https://github.com/dypsilon/frontend-dev-bookmarks
31902,4127,4545,4219,video.js,9,JavaScript,1424,248,https://github.com/videojs/video.js
31859,2910,4759,3879,caffe,9,C++,1087,14,https://github.com/BVLC/caffe
31851,2421,2156,1802,material-design-lite,9,HTML,655,14,https://github.com/google/material-design-lite
31833,1814,10147,9063,vuetify,9,TypeScript,2724,405,https://github.com/vuetifyjs/vuetify
31758,3180,2330,2313,shadowsocks-android,9,Kotlin,241,179,https://github.com/shadowsocks/shadowsocks-android
31632,1790,1318,1282,lottie-android,9,Java,462,36,https://github.com/airbnb/lottie-android
31604,2976,3990,3726,glide,9,Java,376,36,https://github.com/bumptech/glide
31589,2964,843,819,koa,9,JavaScript,399,0,https://github.com/koajs/koa
31584,3996,4587,4110,Leaflet,9,JavaScript,2118,22,https://github.com/Leaflet/Leaflet
31576,482,61,61,design-resources-for-developers,9,None,638,0,https://github.com/bradtraversy/design-resources-for-developers
31561,2204,925,743,CppCoreGuidelines,9,Python,692,4,https://github.com/isocpp/CppCoreGuidelines
31560,2458,9690,8988,grpc,9,C++,13782,177,https://github.com/grpc/grpc
31524,1728,191,134,deeplearningbook-chinese,9,TeX,16,7,https://github.com/exacity/deeplearningbook-chinese
31416,1657,49,42,design-patterns-for-humans,9,None,47,0,https://github.com/kamranahmedse/design-patterns-for-humans
31414,1163,262,193,mkcert,9,Go,49,13,https://github.com/FiloSottile/mkcert
31284,2617,1193,1103,immutable-js,9,TypeScript,426,59,https://github.com/immutable-js/immutable-js
31263,2598,3431,2870,imgui,9,C++,268,74,https://github.com/ocornut/imgui
31172,3729,0,0,php-src,9,C,857,0,https://github.com/php/php-src
31119,1326,68,55,front-end-interview-handbook,9,JavaScript,198,0,https://github.com/yangshun/front-end-interview-handbook
31077,2174,580,572,clipboard.js,9,JavaScript,97,39,https://github.com/zenorocha/clipboard.js
31074,3926,3299,3221,jQuery-File-Upload,10,PHP,116,0,https://github.com/blueimp/jQuery-File-Upload
30850,1648,100,67,AiLearning,9,Python,467,2,https://github.com/apachecn/AiLearning
30802,2420,12847,5127,XX-Net,9,Python,359,308,https://github.com/XX-net/XX-Net
30786,4025,21105,17764,pandas,9,Python,16830,78,https://github.com/pandas-dev/pandas
30698,2795,80,68,android-open-project,9,None,201,0,https://github.com/Trinea/android-open-project
30669,741,563,531,hoppscotch,9,Vue,793,10,https://github.com/hoppscotch/hoppscotch
30648,3319,2914,1867,quill,9,JavaScript,210,82,https://github.com/quilljs/quill
30609,2744,0,0,spark,9,Scala,5,0,https://github.com/apache/spark
30606,2854,105,19,what-happens-when,9,None,107,0,https://github.com/alex/what-happens-when
30606,497,2471,2070,vite,9,TypeScript,998,0,https://github.com/vitejs/vite
30558,1987,1111,852,new-pac,9,None,0,0,https://github.com/Alvin9999/new-pac
30532,1847,142,62,PythonDataScienceHandbook,9,Jupyter Notebook,28,0,https://github.com/jakevdp/PythonDataScienceHandbook
30486,2296,13390,11082,Rocket.Chat,9,JavaScript,7277,548,https://github.com/RocketChat/Rocket.Chat
30392,2891,1577,1168,obs-studio,9,C,2078,136,https://github.com/obsproject/obs-studio
30302,1782,47,4,Deep-Learning-Papers-Reading-Roadmap,9,Python,27,0,https://github.com/floodsung/Deep-Learning-Papers-Reading-Roadmap
30228,3063,3728,3570,phaser,9,JavaScript,1388,116,https://github.com/photonstorm/phaser
30185,2350,61,34,awesome-react-native,9,JavaScript,912,0,https://github.com/jondot/awesome-react-native
30175,1955,287,284,trackerslist,9,None,1,0,https://github.com/ngosang/trackerslist
30070,1567,665,461,12306,9,Python,31,1,https://github.com/testerSunshine/12306
29961,2479,3654,3451,kong,9,Lua,2630,110,https://github.com/Kong/kong
29960,3451,344,244,wrk,9,C,0,0,https://github.com/wg/wrk
29929,1875,210,83,og-aws,9,Shell,483,0,https://github.com/open-guides/og-aws
29900,1467,7542,7454,ant-design-pro,9,TypeScript,858,23,https://github.com/ant-design/ant-design-pro
29726,1858,1328,1238,AndroidUtilCode,9,Java,73,116,https://github.com/Blankj/AndroidUtilCode
29705,2181,1419,1267,preact,9,JavaScript,1172,150,https://github.com/preactjs/preact
29702,2610,106,104,awesome-java,9,None,590,0,https://github.com/akullpp/awesome-java
29691,1908,1254,1016,ShadowsocksX-NG,9,Swift,60,26,https://github.com/shadowsocks/ShadowsocksX-NG
29553,2097,2094,1468,lerna,9,JavaScript,581,169,https://github.com/lerna/lerna
29522,2461,487,266,nerd-fonts,9,CSS,135,20,https://github.com/ryanoasis/nerd-fonts
29483,1778,0,0,PayloadsAllTheThings,9,Python,283,1,https://github.com/swisskyrepo/PayloadsAllTheThings
29446,1241,7706,6885,taro,9,JavaScript,1636,92,https://github.com/NervJS/taro
29373,2127,5295,5258,gold-miner,9,None,3350,0,https://github.com/xitu/gold-miner
29284,3011,5077,2472,ijkplayer,9,C,35,0,https://github.com/bilibili/ijkplayer
29269,2057,9389,6370,PowerShell,9,C#,5020,99,https://github.com/PowerShell/PowerShell
29097,3610,8087,7771,foundation-sites,9,HTML,2916,71,https://github.com/foundation/foundation-sites
29048,418,517,442,github-readme-stats,9,JavaScript,290,0,https://github.com/anuraghazra/github-readme-stats
29037,3373,74,62,python-patterns,9,Python,248,0,https://github.com/faif/python-patterns
29008,2421,5345,5323,minio,9,Go,6452,258,https://github.com/minio/minio
28958,1228,892,812,bat,9,Rust,803,33,https://github.com/sharkdp/bat
28885,1041,1065,337,bert,9,Python,32,0,https://github.com/google-research/bert
28852,2004,3263,3223,brew,9,Ruby,6933,216,https://github.com/Homebrew/brew
28849,1741,1126,1037,openpilot,9,C++,2760,38,https://github.com/commaai/openpilot
28805,4019,4621,4361,sentry,9,Python,21043,80,https://github.com/getsentry/sentry
28790,2186,8458,6626,tidb,9,Go,16098,128,https://github.com/pingcap/tidb
28730,828,707,661,Real-Time-Voice-Cloning,9,Python,41,0,https://github.com/CorentinJ/Real-Time-Voice-Cloning
28699,1959,85,73,HEAD,9,None,86,0,https://github.com/joshbuchea/HEAD
28634,2728,17548,16209,terraform,9,Go,9475,177,https://github.com/hashicorp/terraform
28607,2738,55,36,es6features,9,None,41,0,https://github.com/lukehoban/es6features
28503,2295,275,100,styleguide,9,HTML,128,0,https://github.com/google/styleguide
28501,3900,4727,4716,phantomjs,9,C++,562,0,https://github.com/ariya/phantomjs
28457,2725,4050,3399,rclone,9,Go,1048,78,https://github.com/rclone/rclone
28455,914,2556,1573,ghidra,9,Java,213,14,https://github.com/NationalSecurityAgency/ghidra
28419,1537,541,524,carbon,9,JavaScript,574,201,https://github.com/carbon-app/carbon
28331,2249,998,836,nativefier,9,TypeScript,210,68,https://github.com/nativefier/nativefier
28288,2075,4974,4319,vue-cli,9,JavaScript,1194,155,https://github.com/vuejs/vue-cli
28267,660,495,488,rich,9,Python,321,112,https://github.com/willmcgugan/rich
28261,3611,1100,1092,zxing,9,Java,173,27,https://github.com/zxing/zxing
28243,3457,3972,3849,swiper,9,JavaScript,423,0,https://github.com/nolimits4web/swiper
28233,2484,4873,4358,certbot,9,Python,3314,21,https://github.com/certbot/certbot
28184,1184,1024,700,DeepFaceLab,9,Python,32,2,https://github.com/iperov/DeepFaceLab
28111,459,34,31,hello-algorithm,9,Java,23,0,https://github.com/geekxh/hello-algorithm
28056,1539,1969,1461,formik,9,TypeScript,740,170,https://github.com/formium/formik
28004,2409,234,234,open-source-ios-apps,9,Swift,627,36,https://github.com/dkhamsing/open-source-ios-apps
27902,2611,59,49,awesome-awesomeness,9,Ruby,192,0,https://github.com/bayandin/awesome-awesomeness
27882,1881,346,285,kubernetes-the-hard-way,9,None,69,0,https://github.com/kelseyhightower/kubernetes-the-hard-way
27825,2386,1857,1806,react-boilerplate,9,JavaScript,715,16,https://github.com/react-boilerplate/react-boilerplate
27802,3988,2388,2331,backbone,9,JavaScript,851,0,https://github.com/jashkenas/backbone
27794,1716,2798,1665,iina,9,Swift,373,38,https://github.com/iina/iina
27782,1894,38,37,awesome-react-components,9,None,222,0,https://github.com/brillout/awesome-react-components
27764,1747,14210,13519,istio,9,Go,15682,210,https://github.com/istio/istio
27713,1030,25,25,MadeWithML,9,Jupyter Notebook,140,0,https://github.com/GokuMohandas/MadeWithML
27551,1175,57,30,pure-bash-bible,9,Shell,28,0,https://github.com/dylanaraps/pure-bash-bible
27493,3742,751,628,todomvc,9,JavaScript,719,5,https://github.com/tastejs/todomvc
27492,4486,17037,17037,legacy-homebrew,9,None,222,0,https://github.com/Homebrew/legacy-homebrew
27492,2995,369,215,android_guides,9,None,10,0,https://github.com/codepath/android_guides
27391,3948,5553,5100,netty,9,Java,2110,0,https://github.com/netty/netty
27383,987,855,469,Motrix,9,JavaScript,136,14,https://github.com/agalwood/Motrix
27352,1186,153,149,react,9,JavaScript,238,0,https://github.com/typescript-cheatsheets/react
27254,574,3129,1664,COVID-19,9,None,837,0,https://github.com/CSSEGISandData/COVID-19
27253,4109,1082,1077,async,9,JavaScript,418,7,https://github.com/caolan/async
27234,3046,516,480,tutorials,9,Java,7593,0,https://github.com/eugenp/tutorials
27234,1206,227,140,dive,9,Go,115,24,https://github.com/wagoodman/dive
27172,1893,316,176,programmer-job-blacklist,9,Shell,16,0,https://github.com/shengxinjing/programmer-job-blacklist
27143,1464,149,110,wtfpython,9,Python,87,2,https://github.com/satwikkansal/wtfpython
27056,3193,2027,1566,sheetjs,9,Makefile,87,0,https://github.com/SheetJS/sheetjs
27012,888,215,63,955.WLB,9,None,16,0,https://github.com/formulahendry/955.WLB
27000,2717,3448,2349,slick,9,JavaScript,235,48,https://github.com/kenwheeler/slick
26945,658,56,35,JavaFamily,9,None,2,0,https://github.com/AobingJava/JavaFamily
26915,2857,66,39,500lines,9,JavaScript,175,0,https://github.com/aosabook/500lines
26893,3088,912,726,jadx,9,Java,271,14,https://github.com/skylot/jadx
26864,1098,1357,1223,arthas,9,Java,340,36,https://github.com/alibaba/arthas
26859,3258,775,206,jieba,9,Python,96,9,https://github.com/fxsjy/jieba
26857,655,2663,2365,playwright,9,JavaScript,5054,45,https://github.com/microsoft/playwright
26849,3471,3046,3017,beego,9,Go,1071,10,https://github.com/beego/beego
26845,1999,1251,1169,ripgrep,9,Rust,408,66,https://github.com/BurntSushi/ripgrep
26755,3648,367,237,dotfiles,9,Shell,44,0,https://github.com/mathiasbynens/dotfiles
26722,1397,152,129,open-source-mac-os-apps,9,Swift,425,0,https://github.com/serhii-londar/open-source-mac-os-apps
26707,1577,175,91,cheat.sh,9,Python,113,0,https://github.com/chubin/cheat.sh
26683,1904,1311,1122,esbuild,9,Go,126,107,https://github.com/evanw/esbuild
26674,3082,0,0,the-way-to-go_ZH_CN,9,Go,545,0,https://github.com/unknwon/the-way-to-go_ZH_CN
26673,2238,1157,1094,vuex,9,JavaScript,636,51,https://github.com/vuejs/vuex
26648,2521,1230,920,date-fns,9,JavaScript,861,96,https://github.com/date-fns/date-fns
26556,2316,1306,1226,leakcanary,9,Kotlin,727,27,https://github.com/square/leakcanary
26417,981,530,472,sherlock,9,Python,344,0,https://github.com/sherlock-project/sherlock
26363,2868,939,847,devdocs,9,Ruby,355,0,https://github.com/freeCodeCamp/devdocs
26331,1353,89,59,JCSprout,9,Java,69,0,https://github.com/crossoverJie/JCSprout
26183,2561,638,493,leveldb,9,C++,35,21,https://github.com/google/leveldb
26100,1760,101,97,spring-boot-examples,9,Java,7,0,https://github.com/ityouknow/spring-boot-examples
26088,4328,1393,1361,underscore,9,JavaScript,726,0,https://github.com/jashkenas/underscore
26070,2980,1867,1854,json,9,C++,473,35,https://github.com/nlohmann/json
26048,1533,1768,1611,docusaurus,9,TypeScript,3033,100,https://github.com/facebook/docusaurus
26011,3609,570,494,Faker,9,PHP,824,12,https://github.com/fzaninotto/Faker
25979,2344,3441,3406,uBlock,9,JavaScript,180,220,https://github.com/gorhill/uBlock
25965,1530,730,638,p3c,9,Kotlin,60,0,https://github.com/alibaba/p3c
25937,2408,1155,1089,standard,9,JavaScript,352,0,https://github.com/standard/standard
25881,1452,67,20,project-layout,9,Makefile,45,0,https://github.com/golang-standards/project-layout
25856,2448,643,605,weui,9,Less,171,23,https://github.com/Tencent/weui
25850,3792,0,0,FFmpeg,9,C,15,11,https://github.com/FFmpeg/FFmpeg
25829,1764,7728,6138,gitea,9,Go,7818,122,https://github.com/go-gitea/gitea
25792,2402,9538,7318,metabase,9,Clojure,6862,207,https://github.com/metabase/metabase
25776,1911,2405,1917,monaco-editor,9,JavaScript,97,0,https://github.com/microsoft/monaco-editor
25766,1284,0,0,hangzhou_house_knowledge,9,CSS,4,0,https://github.com/houshanren/hangzhou_house_knowledge
25761,3209,1986,1300,shellcheck,9,Haskell,240,26,https://github.com/koalaman/shellcheck
25735,3101,1165,1070,butterknife,9,Java,346,0,https://github.com/JakeWharton/butterknife
25677,4257,16213,15619,symfony,9,PHP,17074,311,https://github.com/symfony/symfony
25646,3691,1152,1108,marked,9,JavaScript,626,47,https://github.com/markedjs/marked
25642,2835,112,111,awesome-php,9,None,377,0,https://github.com/ziadoz/awesome-php
25613,2730,23677,21016,aspnetcore,9,C#,8677,123,https://github.com/dotnet/aspnetcore
25537,2170,0,0,awesome-macos-command-line,9,None,104,0,https://github.com/herrbischoff/awesome-macos-command-line
25502,3737,6698,6508,composer,9,PHP,2252,119,https://github.com/composer/composer
25436,2361,2914,2750,rxjs,9,TypeScript,2286,0,https://github.com/ReactiveX/rxjs
25387,2618,76,75,awesome-javascript,9,None,333,0,https://github.com/sorrycc/awesome-javascript
25385,1406,0,0,proxyee-down,9,Java,16,49,https://github.com/proxyee-down-org/proxyee-down
25381,1523,37,28,project-guidelines,9,JavaScript,108,0,https://github.com/elsewhencode/project-guidelines
25363,2010,6129,4901,typeorm,9,TypeScript,1423,3,https://github.com/typeorm/typeorm
25297,1787,18,3,machine-learning-for-software-engineers,9,None,57,0,https://github.com/ZuzooVn/machine-learning-for-software-engineers
25290,2044,200,178,swift-algorithm-club,9,Swift,606,0,https://github.com/raywenderlich/swift-algorithm-club
25269,2006,2551,2404,apollo,9,Java,1052,32,https://github.com/ctripcorp/apollo
25269,1820,1963,1482,drawio,9,JavaScript,24,547,https://github.com/jgraph/drawio
25263,3873,2208,2126,request,9,JavaScript,650,0,https://github.com/request/request
25251,1469,0,0,d2l-zh,9,Python,788,13,https://github.com/d2l-ai/d2l-zh
25212,4241,345,121,gitflow,9,Shell,36,0,https://github.com/nvie/gitflow
25139,2798,98,80,Hover,9,CSS,22,10,https://github.com/IanLunn/Hover
25130,3381,459,448,vimrc,9,Vim script,85,0,https://github.com/amix/vimrc
25115,935,4694,3801,v,9,V,5563,63,https://github.com/vlang/v
25065,3467,4635,4592,select2,9,JavaScript,687,29,https://github.com/select2/select2
25042,1952,1363,1248,gym,9,Python,637,6,https://github.com/openai/gym
25023,4358,1457,1298,Modernizr,9,JavaScript,778,24,https://github.com/Modernizr/Modernizr
24979,2898,807,796,postcss,9,TypeScript,645,204,https://github.com/postcss/postcss
24950,2384,2456,1738,lottie-web,9,JavaScript,94,0,https://github.com/airbnb/lottie-web
24932,1314,34,30,python-cheatsheet,9,Python,12,0,https://github.com/gto76/python-cheatsheet
24925,2514,576,564,fetch,9,JavaScript,145,38,https://github.com/github/fetch
24910,3227,6326,4917,rethinkdb,9,C++,386,69,https://github.com/rethinkdb/rethinkdb
24905,2867,3837,3734,gorm,9,Go,430,2,https://github.com/go-gorm/gorm
24889,3654,4713,4247,metasploit-framework,9,Ruby,8685,0,https://github.com/rapid7/metasploit-framework
24856,4058,9356,8051,sequelize,9,JavaScript,2716,357,https://github.com/sequelize/sequelize
24784,1688,3763,3525,joplin,9,TypeScript,1111,224,https://github.com/laurent22/joplin
24761,2280,13052,12785,angular-cli,9,TypeScript,6389,412,https://github.com/angular/angular-cli
24685,3155,15225,15220,framework,9,PHP,11287,428,https://github.com/laravel/framework
24670,1039,403,204,react-use,9,TypeScript,1322,244,https://github.com/streamich/react-use
24627,2017,6224,4313,mastodon,9,Ruby,8877,154,https://github.com/mastodon/mastodon
24615,2511,3420,2431,nylas-mail,9,JavaScript,139,53,https://github.com/nylas/nylas-mail
24599,1483,1384,985,react-beautiful-dnd,9,JavaScript,518,67,https://github.com/atlassian/react-beautiful-dnd
24587,2260,444,364,tesseract.js,9,JavaScript,83,33,https://github.com/naptha/tesseract.js
24572,1426,911,612,Detectron,9,Python,0,0,https://github.com/facebookresearch/Detectron
24545,2205,5421,4371,vim,9,Vim script,3,0,https://github.com/vim/vim
24538,2551,362,84,particles.js,9,JavaScript,21,6,https://github.com/VincentGarreau/particles.js
24531,1009,2469,2451,jeecg-boot,9,Java,12,15,https://github.com/jeecgboot/jeecg-boot
24515,2356,3893,3204,Charts,10,Swift,387,33,https://github.com/danielgindi/Charts
24485,2877,1463,1363,webtorrent,9,JavaScript,505,34,https://github.com/webtorrent/webtorrent
24428,539,889,511,Ventoy,9,C,48,48,https://github.com/ventoy/Ventoy
24425,698,2039,1694,cli,9,Go,948,85,https://github.com/cli/cli
24403,1176,1984,1807,vue-next,9,TypeScript,1492,89,https://github.com/vuejs/vue-next
24378,2115,1509,1413,uppy,9,JavaScript,1461,24,https://github.com/transloadit/uppy
24375,3589,3308,1278,druid,9,Java,920,42,https://github.com/alibaba/druid
24335,4214,2605,2362,mitmproxy,9,Python,1735,41,https://github.com/mitmproxy/mitmproxy
24330,3287,1303,1278,pyenv,9,Shell,549,46,https://github.com/pyenv/pyenv
24325,2912,876,812,vim-plug,9,Vim script,157,4,https://github.com/junegunn/vim-plug
24173,2590,424,361,angular-styleguide,12,None,331,0,https://github.com/johnpapa/angular-styleguide
24163,3699,2219,1544,html2canvas,9,TypeScript,172,41,https://github.com/niklasvh/html2canvas
24156,2549,0,0,ResumeSample,9,None,2,0,https://github.com/geekcompany/ResumeSample
24120,3614,1025,1012,cheerio,9,TypeScript,674,55,https://github.com/cheeriojs/cheerio
24109,2362,1738,1732,mobx,9,TypeScript,892,40,https://github.com/mobxjs/mobx
24037,1013,33,30,libpku,9,TeX,22,0,https://github.com/lib-pku/libpku
23979,2170,660,110,layui,9,JavaScript,32,48,https://github.com/sentsin/layui
23967,1307,446,386,tabler,9,HTML,176,26,https://github.com/tabler/tabler
23941,1775,34,32,cs-video-courses,9,None,77,0,https://github.com/Developer-Y/cs-video-courses
23935,955,504,285,Daily-Interview-Question,9,JavaScript,15,0,https://github.com/Advanced-Frontend/Daily-Interview-Question
23904,2710,0,0,gitbook,9,JavaScript,214,0,https://github.com/GitbookIO/gitbook
23889,1632,207,84,Blog,9,None,3,0,https://github.com/mqyqingfeng/Blog
23858,1860,5533,4459,iview,9,Vue,526,85,https://github.com/iview/iview
23839,2626,742,713,husky,9,JavaScript,172,54,https://github.com/typicode/husky
23822,1170,4120,2773,graphql-engine,9,Haskell,2086,105,https://github.com/hasura/graphql-engine
23759,3930,1505,696,aria2,9,C++,195,23,https://github.com/aria2/aria2
23744,2762,0,0,drone,9,Go,876,3,https://github.com/drone/drone
23713,4362,2056,1986,SDWebImage,9,Objective-C,781,101,https://github.com/SDWebImage/SDWebImage
23681,3589,3110,1535,fastjson,9,Java,406,82,https://github.com/alibaba/fastjson
23559,3333,545,444,EventBus,9,Java,29,5,https://github.com/greenrobot/EventBus
23557,3562,213,84,Python,9,Python,915,0,https://github.com/geekcomputers/Python
23508,2518,1302,1298,HanLP,9,Python,65,54,https://github.com/hankcs/HanLP
23504,3151,226,86,Probabilistic-Programming-and-Bayesian-Methods-for-Hackers,9,Jupyter Notebook,236,0,https://github.com/CamDavidsonPilon/Probabilistic-Programming-and-Bayesian-Methods-for-Hackers
23480,2226,1785,1620,googletest,9,C++,684,3,https://github.com/google/googletest
23471,3822,259,173,python-guide,9,Batchfile,675,0,https://github.com/realpython/python-guide
23456,3961,2652,1889,ace,9,JavaScript,1387,0,https://github.com/ajaxorg/ace
23448,2432,172,131,linux-insides,9,Python,537,0,https://github.com/0xAX/linux-insides
23446,2317,60,29,interactive-coding-challenges,9,Python,176,0,https://github.com/donnemartin/interactive-coding-challenges
23349,2961,641,407,CodeHub,9,C#,13,4,https://github.com/CodeHubApp/CodeHub
23325,931,26,25,Awesome-Design-Tools,9,JavaScript,283,0,https://github.com/goabstract/Awesome-Design-Tools
23302,3882,3971,3565,CodeMirror,9,JavaScript,519,150,https://github.com/codemirror/CodeMirror
23289,2002,7883,7370,lighthouse,9,JavaScript,3848,73,https://github.com/GoogleChrome/lighthouse
23262,2075,2112,1483,acme.sh,9,Shell,1027,33,https://github.com/acmesh-official/acme.sh
23262,4182,5880,5189,pandoc,9,Haskell,1170,100,https://github.com/jgm/pandoc
23259,2023,537,419,handson-ml,9,Jupyter Notebook,48,0,https://github.com/ageron/handson-ml
23232,2933,139,47,nprogress,9,JavaScript,34,7,https://github.com/rstacruz/nprogress
23208,2822,5545,5103,compose,9,Python,2034,151,https://github.com/docker/compose
23187,2562,3092,2950,react-select,9,TypeScript,904,23,https://github.com/JedWatson/react-select
23180,3424,3043,3015,YouCompleteMe,9,Python,682,0,https://github.com/ycm-core/YouCompleteMe
23170,1915,26,11,awesome-deep-learning-papers,9,TeX,39,0,https://github.com/terryum/awesome-deep-learning-papers
23065,1390,134,69,spring-boot-demo,9,Java,14,0,https://github.com/xkcoding/spring-boot-demo
23060,1509,88,85,wtfjs,9,JavaScript,83,17,https://github.com/denysdovhan/wtfjs
23054,4165,8647,8375,mongoose,9,JavaScript,1373,5,https://github.com/Automattic/mongoose
23011,2812,1569,1253,Sortable,9,JavaScript,237,23,https://github.com/SortableJS/Sortable
22939,1924,1664,1294,ngx-admin,9,TypeScript,320,16,https://github.com/akveo/ngx-admin
22890,1551,1350,1160,SmartRefreshLayout,9,Java,6,8,https://github.com/scwang90/SmartRefreshLayout
22866,3985,1446,1422,nodemon,9,JavaScript,275,78,https://github.com/remy/nodemon
22860,1872,981,597,fastText,9,HTML,7,4,https://github.com/facebookresearch/fastText
22859,2332,3916,3047,airflow,9,Python,9115,34,https://github.com/apache/airflow
22852,1630,0,0,hiring-without-whiteboards,9,JavaScript,994,0,https://github.com/poteto/hiring-without-whiteboards
22836,2919,778,537,cobra,9,Go,377,14,https://github.com/spf13/cobra
22809,2975,2061,2048,cmder,9,C++,336,29,https://github.com/cmderdev/cmder
22787,966,0,0,flutter-go,9,Dart,158,4,https://github.com/alibaba/flutter-go
22755,2128,20,14,awesome-python-cn,9,Makefile,49,0,https://github.com/jobbole/awesome-python-cn
22714,2857,4472,3632,consul,9,Go,5483,61,https://github.com/hashicorp/consul
22691,3621,0,0,gitlabhq,9,Ruby,2227,0,https://github.com/gitlabhq/gitlabhq
22666,1396,58,13,Coursera-ML-AndrewNg-Notes,9,HTML,9,0,https://github.com/fengdu78/Coursera-ML-AndrewNg-Notes
22666,910,2524,2524,react-hook-form,9,TypeScript,1318,396,https://github.com/react-hook-form/react-hook-form
22615,4286,2066,1979,jsPDF,9,JavaScript,666,29,https://github.com/MrRio/jsPDF
22580,946,790,575,calculator,9,C++,670,0,https://github.com/microsoft/calculator
22525,3469,1029,758,hammer.js,9,JavaScript,114,0,https://github.com/hammerjs/hammer.js
22518,2718,1140,929,streisand,9,Shell,527,0,https://github.com/StreisandEffect/streisand
22498,3971,701,546,Vundle.vim,9,Vim script,86,0,https://github.com/VundleVim/Vundle.vim
22471,4240,8953,8470,vagrant,9,Ruby,2444,0,https://github.com/hashicorp/vagrant
22422,3573,782,402,the_silver_searcher,9,C,399,0,https://github.com/ggreer/the_silver_searcher
22369,607,1437,1089,excalidraw,9,TypeScript,2028,1,https://github.com/excalidraw/excalidraw
22303,2128,1064,705,react-virtualized,9,JavaScript,452,4,https://github.com/bvaughn/react-virtualized
22236,2281,2415,2407,tmux,9,C,0,32,https://github.com/tmux/tmux
22222,2667,14131,12392,odoo,9,JavaScript,6113,0,https://github.com/odoo/odoo
22199,1684,3426,2898,pipenv,9,Python,1021,15,https://github.com/pypa/pipenv
22182,1969,3248,2862,BaseRecyclerViewAdapterHelper,9,Java,190,191,https://github.com/CymChad/BaseRecyclerViewAdapterHelper
22178,1890,45,39,zju-icicles,9,C,119,0,https://github.com/QSCTech/zju-icicles
22167,1919,2088,832,yapi,9,JavaScript,113,1,https://github.com/YMFE/yapi
22140,3788,2357,2117,chosen,9,HTML,309,34,https://github.com/harvesthq/chosen
22137,1335,226,88,vhr,9,Java,1,0,https://github.com/lenve/vhr
22132,3305,373,366,learnGitBranching,9,JavaScript,436,0,https://github.com/pcottle/learnGitBranching
22130,721,726,706,react-query,9,TypeScript,655,255,https://github.com/tannerlinsley/react-query
22081,3177,233,89,fonts,9,Shell,72,1,https://github.com/powerline/fonts
22064,1266,1611,1314,black,9,Python,666,12,https://github.com/psf/black
22032,763,1601,1418,v2rayN,9,C#,41,75,https://github.com/2dust/v2rayN
22019,2421,612,358,fanqiang,9,Kotlin,2,20,https://github.com/bannedbook/fanqiang
22009,3453,6265,5825,sails,9,JavaScript,523,40,https://github.com/balderdashy/sails
22003,1900,2605,2222,slate,9,TypeScript,1340,29,https://github.com/ianstormtaylor/slate
21976,2612,41,18,awesome-shell,9,None,281,0,https://github.com/alebcay/awesome-shell
21971,3751,6484,6166,ember.js,9,JavaScript,7551,406,https://github.com/emberjs/ember.js
21961,2896,11878,10557,influxdb,9,Go,8774,65,https://github.com/influxdata/influxdb
21902,1790,944,699,lottie-ios,9,Swift,325,44,https://github.com/airbnb/lottie-ios
21863,3207,1015,676,Hystrix,9,Java,672,79,https://github.com/Netflix/Hystrix
21860,2322,40,40,awesome-electron,9,None,254,0,https://github.com/sindresorhus/awesome-electron
21855,3053,559,559,pure,9,JavaScript,162,24,https://github.com/pure-css/pure
21843,2738,1714,1266,OpenAPI-Specification,9,JavaScript,661,10,https://github.com/OAI/OpenAPI-Specification
21838,4367,4035,3938,devise,9,Ruby,742,15,https://github.com/heartcombo/devise
21815,2141,11036,9647,dbeaver,9,Java,1645,134,https://github.com/dbeaver/dbeaver
21806,2298,319,190,waifu2x,9,Lua,66,3,https://github.com/nagadomi/waifu2x
21792,2102,1414,1212,redux-saga,9,JavaScript,631,50,https://github.com/redux-saga/redux-saga
21777,3006,2250,2214,dokku,9,Shell,2139,199,https://github.com/dokku/dokku
21753,2527,681,540,sweetalert,9,TypeScript,82,13,https://github.com/t4t5/sweetalert
21722,2685,13,2,blog,9,None,1,0,https://github.com/fouber/blog
21701,1590,1705,1563,openpose,9,C++,148,15,https://github.com/CMU-Perceptual-Computing-Lab/openpose
21679,3179,7925,7358,spacemacs,9,Emacs Lisp,1218,158,https://github.com/syl20bnr/spacemacs
21675,3835,3681,3564,django-rest-framework,9,Python,2623,14,https://github.com/encode/django-rest-framework
21668,3295,3901,3647,polymer,9,HTML,1066,115,https://github.com/Polymer/polymer
21668,2066,12500,10872,components,9,TypeScript,8968,220,https://github.com/angular/components
21653,2051,824,600,ItChat,9,Python,29,13,https://github.com/littlecodersh/ItChat
21635,2379,4421,3623,vault,9,Go,6798,21,https://github.com/hashicorp/vault
21605,4184,2948,2931,curl,9,C,137,54,https://github.com/curl/curl
21602,1263,1189,1105,docz,9,TypeScript,353,126,https://github.com/doczjs/docz
21592,1635,171,112,pytorch-tutorial,9,Python,28,0,https://github.com/yunjey/pytorch-tutorial
21555,1964,6511,5978,minikube,9,Go,4854,122,https://github.com/kubernetes/minikube
21519,1391,46,31,awesome-cheatsheets,9,JavaScript,125,0,https://github.com/LeCoupa/awesome-cheatsheets
21505,1443,42,36,modern-js-cheatsheet,9,None,80,0,https://github.com/mbeaudru/modern-js-cheatsheet
21483,2528,130,81,os-tutorial,9,C,11,0,https://github.com/cfenollosa/os-tutorial
21482,2412,31,21,data-science-ipython-notebooks,9,Python,31,0,https://github.com/donnemartin/data-science-ipython-notebooks
21480,2760,97,22,awesome-sysadmin,9,None,183,0,https://github.com/kahun/awesome-sysadmin
21474,2671,699,659,octotree,9,JavaScript,249,0,https://github.com/ovity/octotree
21455,3151,7473,7294,selenium,9,Java,794,68,https://github.com/SeleniumHQ/selenium
21454,2763,35226,31711,cockroach,9,Go,30518,0,https://github.com/cockroachdb/cockroach
21452,2763,4110,3860,xgboost,9,C++,2543,35,https://github.com/dmlc/xgboost
21442,1751,2123,1781,wepy,9,JavaScript,428,8,https://github.com/Tencent/wepy
21437,2602,100,84,awesome-rust,9,Rust,916,0,https://github.com/rust-unofficial/awesome-rust
21436,2570,1121,1120,mdb-ui-kit,9,JavaScript,193,13,https://github.com/mdbootstrap/mdb-ui-kit
21409,1217,35,24,SpringAll,9,Java,1,0,https://github.com/wuyouzhuguli/SpringAll
21344,2499,6507,4097,flow,9,OCaml,158,211,https://github.com/facebook/flow
21344,1041,88,60,toBeTopJavaer,9,Java,49,0,https://github.com/hollischuang/toBeTopJavaer
21336,1082,62,30,miaosha,9,Java,9,0,https://github.com/qiurunze123/miaosha
21335,780,636,570,tauri,9,Rust,1501,194,https://github.com/tauri-apps/tauri
21306,1934,1422,1325,algo,9,Python,470,2,https://github.com/trailofbits/algo
21304,1452,1493,1412,fastai,9,Jupyter Notebook,1470,31,https://github.com/fastai/fastai
21281,2243,1125,1093,react-redux,9,TypeScript,433,94,https://github.com/reduxjs/react-redux
21277,2699,2218,518,darknet,9,C,9,0,https://github.com/pjreddie/darknet
21234,3799,1609,1065,PhotoSwipe,9,JavaScript,53,11,https://github.com/dimsemenov/PhotoSwipe
21156,1818,1815,1757,react-native-elements,9,TypeScript,970,74,https://github.com/react-native-elements/react-native-elements
21145,2616,4807,4733,spaCy,9,Python,2350,86,https://github.com/explosion/spaCy
21134,4287,1906,1684,hub,9,Go,395,60,https://github.com/github/hub
21117,2135,1747,1441,etcher,9,TypeScript,1574,145,https://github.com/balena-io/etcher
21075,1273,1002,957,react-spring,9,TypeScript,266,22,https://github.com/pmndrs/react-spring
21063,2040,780,715,iris,9,Go,178,15,https://github.com/kataras/iris
21052,2401,537,499,kit,9,Go,456,11,https://github.com/go-kit/kit
21047,3853,6710,5925,emscripten,9,C,6770,0,https://github.com/emscripten-core/emscripten
21043,2609,116,115,awesome-swift,9,Swift,1339,0,https://github.com/matteocrippa/awesome-swift
21043,2993,1526,1301,ramda,9,JavaScript,1212,24,https://github.com/ramda/ramda
21040,3547,9047,7721,Signal-Android,9,Java,238,0,https://github.com/signalapp/Signal-Android
21036,3837,1701,1684,guzzle,9,PHP,843,43,https://github.com/guzzle/guzzle
21001,1896,1047,979,NeteaseCloudMusicApi,9,JavaScript,183,134,https://github.com/Binaryify/NeteaseCloudMusicApi
20999,3670,808,801,commander.js,9,JavaScript,517,60,https://github.com/tj/commander.js
20990,1341,510,500,immer,9,JavaScript,263,86,https://github.com/immerjs/immer
20947,2309,263,202,mostly-adequate-guide,9,JavaScript,270,1,https://github.com/MostlyAdequate/mostly-adequate-guide
20903,2694,1168,1164,react-starter-kit,9,TypeScript,486,5,https://github.com/kriasoft/react-starter-kit
20883,2048,36,22,react-redux-links,9,None,59,0,https://github.com/markerikson/react-redux-links
20868,1302,1841,1665,easyexcel,9,Java,64,1,https://github.com/alibaba/easyexcel
20851,3353,4387,4343,sqlmap,9,Python,128,6,https://github.com/sqlmapproject/sqlmap
20835,1554,56,44,English-level-up-tips-for-Chinese,9,None,20,0,https://github.com/byoungd/English-level-up-tips-for-Chinese
20834,2433,42,39,awesome-remote-job,9,None,512,0,https://github.com/lukasz-madon/awesome-remote-job
20817,1200,772,568,lazygit,9,Go,556,123,https://github.com/jesseduffield/lazygit
20793,2269,5891,5171,mattermost-server,9,Go,10683,260,https://github.com/mattermost/mattermost-server
20792,2631,680,571,SwiftyJSON,9,Swift,215,21,https://github.com/SwiftyJSON/SwiftyJSON
20788,2332,499,406,dragula,9,JavaScript,57,0,https://github.com/bevacqua/dragula
20747,2528,1169,854,devtools,9,TypeScript,216,49,https://github.com/vuejs/devtools
20736,1570,5953,5460,ccxt,9,JavaScript,3289,0,https://github.com/ccxt/ccxt
20711,1487,409,348,hosts,9,None,50,0,https://github.com/googlehosts/hosts
20701,1575,652,526,architecture-components-samples,9,Kotlin,205,0,https://github.com/android/architecture-components-samples
20699,3830,2729,2503,mocha,9,JavaScript,1110,66,https://github.com/mochajs/mocha
20698,2709,219,183,iosched,9,Kotlin,62,2,https://github.com/google/iosched
20692,2020,1675,949,draft-js,9,JavaScript,212,26,https://github.com/facebook/draft-js
20691,3086,697,400,ngrok,9,Go,34,0,https://github.com/inconshreveable/ngrok
20653,1559,621,435,drawio-desktop,9,JavaScript,12,68,https://github.com/jgraph/drawio-desktop
20639,1999,0,0,the-super-tiny-compiler,9,JavaScript,20,0,https://github.com/jamiebuilds/the-super-tiny-compiler
20599,2052,1408,1337,vapor,9,Swift,990,414,https://github.com/vapor/vapor
20590,977,2233,1730,seata,9,Java,1308,31,https://github.com/seata/seata
20584,2812,3078,2383,Wox,9,C#,280,38,https://github.com/Wox-launcher/Wox
20578,1806,368,309,first-contributions,9,None,35163,0,https://github.com/firstcontributions/first-contributions
20575,3096,665,640,intro.js,9,JavaScript,266,27,https://github.com/usablica/intro.js
20553,3196,2288,1887,rocksdb,9,C++,556,140,https://github.com/facebook/rocksdb
20548,2652,545,219,feather,9,JavaScript,92,50,https://github.com/feathericons/feather
20548,3700,4552,3943,swagger-ui,9,JavaScript,1994,198,https://github.com/swagger-api/swagger-ui
20513,2301,2655,2333,rollup,10,JavaScript,1308,291,https://github.com/rollup/rollup
20484,2375,1194,1152,echo,9,Go,411,85,https://github.com/labstack/echo
20474,2338,1135,1126,RxSwift,9,Swift,721,70,https://github.com/ReactiveX/RxSwift
20446,1412,2418,769,Mask_RCNN,9,Python,65,3,https://github.com/matterport/Mask_RCNN
20395,2568,299,278,normalizr,9,JavaScript,98,25,https://github.com/paularmstrong/normalizr
20382,2375,6264,5345,NativeScript,9,TypeScript,2751,99,https://github.com/NativeScript/NativeScript
20344,1273,1685,1264,mpvue,10,JavaScript,64,19,https://github.com/Meituan-Dianping/mpvue
20314,4087,2496,2251,pug,9,JavaScript,499,22,https://github.com/pugjs/pug
20297,2934,2548,2446,sharp,9,JavaScript,199,40,https://github.com/lovell/sharp
20271,1741,576,402,Hero,9,Swift,110,37,https://github.com/HeroTransitions/Hero
20270,4611,0,0,mongo,9,C++,114,0,https://github.com/mongodb/mongo
20266,2300,640,610,gentelella,9,HTML,161,7,https://github.com/ColorlibHQ/gentelella
20252,2646,388,373,the-swift-programming-language-in-chinese,9,CSS,674,1,https://github.com/SwiftGGTeam/the-swift-programming-language-in-chinese
20240,1713,740,716,faas,9,Go,647,145,https://github.com/openfaas/faas
20235,2536,112,112,awesome-docker,9,None,764,1,https://github.com/veggiemonk/awesome-docker
20215,2390,1752,1117,plyr,9,JavaScript,325,75,https://github.com/sampotts/plyr
20198,2583,27,22,docker-cheat-sheet,9,None,131,0,https://github.com/wsargent/docker-cheat-sheet
20194,1798,1207,1140,fastify,9,JavaScript,1661,185,https://github.com/fastify/fastify
20189,3152,3235,2565,canal,9,Java,346,21,https://github.com/alibaba/canal
20183,3805,75,63,iTerm2-Color-Schemes,9,Shell,226,0,https://github.com/mbadolato/iTerm2-Color-Schemes
20158,1678,8180,7831,react-navigation,9,TypeScript,931,1055,https://github.com/react-navigation/react-navigation
20142,1297,340,243,Dress,9,Standard ML,445,0,https://github.com/komeiji-satori/Dress
20141,4374,1669,1466,tornado,9,Python,798,0,https://github.com/tornadoweb/tornado
20133,3398,580,534,nsq,9,Go,640,30,https://github.com/nsqio/nsq
20130,1668,61,36,ML-From-Scratch,9,Python,9,0,https://github.com/eriklindernoren/ML-From-Scratch
20119,2697,1367,1367,hutool,9,Java,213,97,https://github.com/dromara/hutool
20109,745,2025,1922,chakra-ui,9,TypeScript,1413,1077,https://github.com/chakra-ui/chakra-ui
20108,2156,5809,5538,helm,9,Go,3146,144,https://github.com/helm/helm
20101,1937,631,284,flv.js,10,JavaScript,20,14,https://github.com/bilibili/flv.js
20029,3331,1819,1253,jq,9,C,211,9,https://github.com/stedolan/jq
20007,3492,11519,8203,servo,9,None,14015,0,https://github.com/servo/servo
20001,3469,2001,2001,ReactiveCocoa,13,Swift,1342,81,https://github.com/ReactiveCocoa/ReactiveCocoa
19996,1299,40,37,interview,9,C++,30,0,https://github.com/huihut/interview
19990,2817,130,83,The-Art-Of-Programming-By-July,9,C,254,0,https://github.com/julycoding/The-Art-Of-Programming-By-July
19990,919,1416,1400,powerlevel10k,9,Shell,94,27,https://github.com/romkatv/powerlevel10k
19977,2273,393,247,react-motion,9,JavaScript,144,4,https://github.com/chenglou/react-motion
19973,2784,465,449,scrollreveal,9,JavaScript,32,0,https://github.com/jlmakes/scrollreveal
19948,1652,232,142,python-fire,9,Python,44,8,https://github.com/google/python-fire
19933,2357,1409,905,gson,9,Java,228,1,https://github.com/google/gson
19928,118,123,117,zx,9,JavaScript,35,24,https://github.com/google/zx
19919,2239,31,17,tips,9,JavaScript,138,0,https://github.com/git-tips/tips
19908,2110,66,65,You-Dont-Need-jQuery,9,JavaScript,162,1,https://github.com/nefe/You-Dont-Need-jQuery
19862,1369,1498,1167,spring-cloud-alibaba,9,Java,484,25,https://github.com/alibaba/spring-cloud-alibaba
19845,2711,256,211,pop,11,Objective-C++,100,3,https://github.com/facebookarchive/pop
19828,3662,104,103,DesignPatternsPHP,9,PHP,246,0,https://github.com/DesignPatternsPHP/DesignPatternsPHP
19817,1910,12,4,security-guide-for-developers,9,None,26,0,https://github.com/FallibleInc/security-guide-for-developers
19817,807,159,115,github1s,9,TypeScript,175,17,https://github.com/conwnet/github1s
19803,2804,3113,3000,react-bootstrap,9,JavaScript,2317,19,https://github.com/react-bootstrap/react-bootstrap
19801,3487,2208,1304,GPUImage,10,Objective-C,241,3,https://github.com/BradLarson/GPUImage
19796,2590,83,61,android-best-practices,9,None,80,0,https://github.com/futurice/android-best-practices
19760,1818,3421,3369,Magisk,9,C++,716,119,https://github.com/topjohnwu/Magisk
19747,2915,1135,1070,bluebird,9,JavaScript,289,123,https://github.com/petkaantonov/bluebird
19709,3092,1091,1060,autoprefixer,9,JavaScript,258,171,https://github.com/postcss/autoprefixer
19706,1505,49,43,LeetCode-Go,9,Go,105,4,https://github.com/halfrost/LeetCode-Go
19700,2271,78,74,engineering-blogs,9,Ruby,679,0,https://github.com/kilimchoi/engineering-blogs
19679,268,0,0,Depix,9,Python,11,0,https://github.com/beurtschipper/Depix
19667,2121,1734,1480,enzyme,9,JavaScript,645,0,https://github.com/enzymejs/enzyme
19664,3669,0,0,kafka,9,Java,4760,0,https://github.com/apache/kafka
19661,3524,874,643,RxJS,9,JavaScript,520,34,https://github.com/Reactive-Extensions/RxJS
19651,2758,204,203,ipfs,9,None,124,0,https://github.com/ipfs/ipfs
19611,2315,9385,7665,incubator-mxnet,9,C++,8477,28,https://github.com/apache/incubator-mxnet
19586,1748,140,92,algorithms,9,Python,399,1,https://github.com/keon/algorithms
19537,1259,926,856,halo,9,Java,348,72,https://github.com/halo-dev/halo
19521,2832,71,27,How-to-Make-a-Computer-Operating-System,9,C,42,1,https://github.com/SamyPesse/How-to-Make-a-Computer-Operating-System
19494,2690,518,518,es6tutorial,9,JavaScript,346,0,https://github.com/ruanyf/es6tutorial
19482,2569,341,340,RxAndroid,9,Java,170,18,https://github.com/ReactiveX/RxAndroid
19472,2354,752,533,upterm,9,TypeScript,293,187,https://github.com/railsware/upterm
19434,1360,69,57,profile-summary-for-github,12,Vue,20,0,https://github.com/tipsy/profile-summary-for-github
19421,2136,894,857,Aerial,9,Swift,213,163,https://github.com/JohnCoates/Aerial
19395,1072,116,21,algo,9,Python,321,0,https://github.com/wangzheng0822/algo
19389,4101,5160,4927,fabric.js,9,JavaScript,1492,111,https://github.com/fabricjs/fabric.js
19369,2861,663,485,localForage,9,JavaScript,267,26,https://github.com/localForage/localForage
19345,2864,2122,1668,redash,9,Python,2611,96,https://github.com/getredash/redash
19291,1244,1757,1353,vuepress,9,JavaScript,745,18,https://github.com/vuejs/vuepress
19273,2032,39,21,awesome-vscode,9,JavaScript,228,0,https://github.com/viatsko/awesome-vscode
19260,2157,5985,5655,quasar,9,JavaScript,2613,493,https://github.com/quasarframework/quasar
19223,2478,1489,1412,ava,9,JavaScript,918,80,https://github.com/avajs/ava
19219,1388,1739,1178,marktext,9,JavaScript,808,32,https://github.com/marktext/marktext
19185,1062,561,182,google-research,9,Jupyter Notebook,16,0,https://github.com/google-research/google-research
19185,2281,781,529,tqdm,9,Python,259,112,https://github.com/tqdm/tqdm
19182,3615,674,371,passport,9,JavaScript,46,0,https://github.com/jaredhanson/passport
19178,1930,3483,2722,portainer,9,JavaScript,1576,83,https://github.com/portainer/portainer
19168,2103,2252,1601,xxl-job,9,Java,93,30,https://github.com/xuxueli/xxl-job
19149,2552,193,191,docker_practice,9,Go,242,14,https://github.com/yeasy/docker_practice
19133,3378,844,578,folly,9,C++,4,49,https://github.com/facebook/folly
19133,2939,48,23,go,9,None,43,0,https://github.com/datasciencemasters/go
19112,2275,1488,1425,react-native-web,9,JavaScript,38,19,https://github.com/necolas/react-native-web
19089,917,768,503,snowpack,9,JavaScript,1190,78,https://github.com/snowpackjs/snowpack
19056,1519,3316,2415,apollo,9,C++,9602,9,https://github.com/ApolloAuto/apollo
19046,1173,4603,4348,nacos,9,Java,1520,41,https://github.com/alibaba/nacos
19023,3558,1396,1193,glances,9,Python,403,25,https://github.com/nicolargo/glances
19018,3887,4464,4443,elixir,9,Elixir,5581,113,https://github.com/elixir-lang/elixir
19008,1712,2308,1846,tabby,9,TypeScript,1015,137,https://github.com/Eugeny/tabby
19002,2985,8633,8524,eslint,9,JavaScript,4828,245,https://github.com/eslint/eslint
18981,3848,677,657,monolog,9,PHP,592,46,https://github.com/Seldaek/monolog
18977,2705,1237,1064,nightmare,9,JavaScript,251,1,https://github.com/segmentio/nightmare
18949,2493,1250,1160,material-dialogs,9,Kotlin,179,92,https://github.com/afollestad/material-dialogs
18929,1166,89,64,NLP-progress,9,Python,431,3,https://github.com/sebastianruder/NLP-progress
18911,1048,2059,1948,clash_for_windows_pkg,9,None,1,131,https://github.com/Fndroid/clash_for_windows_pkg
18894,1104,195,93,windows95,9,TypeScript,17,12,https://github.com/felixrieseberg/windows95
18872,2194,48,44,css-protips,9,None,45,0,https://github.com/AllThingsSmitty/css-protips
18866,2042,3974,3812,parse-server,9,JavaScript,2751,81,https://github.com/parse-community/parse-server
18853,3137,1267,1016,howler.js,9,JavaScript,124,24,https://github.com/goldfire/howler.js
18848,2253,0,0,dnSpy,9,C#,53,1,https://github.com/dnSpy/dnSpy
18836,3895,1717,1664,highlight.js,9,JavaScript,1161,28,https://github.com/highlightjs/highlight.js
18807,3308,3382,3234,libgdx,9,Java,2301,8,https://github.com/libgdx/libgdx
18802,2339,1117,1055,Kingfisher,9,Swift,506,153,https://github.com/onevcat/Kingfisher
18802,2948,4437,4403,RedisDesktopManager,9,C++,360,76,https://github.com/uglide/RedisDesktopManager
18785,859,1449,752,WeChatExtension-ForMac,9,Objective-C,45,46,https://github.com/MustangYM/WeChatExtension-ForMac
18757,1953,525,396,xi-editor,9,Rust,651,0,https://github.com/xi-editor/xi-editor
18747,2871,6583,6533,generator-jhipster,9,JavaScript,8425,12,https://github.com/jhipster/generator-jhipster
18680,936,43,29,ChromeAppHeroes,9,JavaScript,7,0,https://github.com/zhaoolee/ChromeAppHeroes
18641,1916,8855,7454,ClickHouse,9,C++,15899,277,https://github.com/ClickHouse/ClickHouse
18638,867,4345,46,fe-interview,9,JavaScript,8,2,https://github.com/haizlin/fe-interview
18637,1684,567,564,hyperapp,9,JavaScript,270,26,https://github.com/jorgebucaran/hyperapp
18632,1849,1091,989,pkg,9,JavaScript,115,30,https://github.com/vercel/pkg
18627,1575,516,479,fd,9,Rust,257,25,https://github.com/sharkdp/fd
18624,3751,77,48,idiomatic.js,9,None,114,0,https://github.com/rwaldron/idiomatic.js
18618,3487,392,181,fastclick,9,HTML,67,3,https://github.com/ftlabs/fastclick
18583,1178,1144,1112,clash,9,Go,190,37,https://github.com/Dreamacro/clash
18566,1794,157,118,js-stack-from-scratch,9,JavaScript,55,1,https://github.com/verekia/js-stack-from-scratch
18546,2206,74,74,IntelliJ-IDEA-Tutorial,9,None,39,0,https://github.com/judasn/IntelliJ-IDEA-Tutorial
18525,3428,1221,1189,hosts,9,Python,343,353,https://github.com/StevenBlack/hosts
18511,2363,2090,1727,gfwlist,9,None,0,0,https://github.com/gfwlist/gfwlist
18509,3453,776,533,skrollr,9,HTML,35,0,https://github.com/Prinzhorn/skrollr
18509,2876,582,520,logrus,9,Go,387,13,https://github.com/sirupsen/logrus
18506,1219,11,3,architecture.of.internet-product,9,None,1,0,https://github.com/davideuler/architecture.of.internet-product
18501,2703,583,535,web-starter-kit,9,HTML,234,14,https://github.com/google/web-starter-kit
18454,3466,5903,5883,homebrew-cask,9,Ruby,88810,81,https://github.com/Homebrew/homebrew-cask
18452,1791,1054,1015,eShopOnContainers,9,C#,421,9,https://github.com/dotnet-architecture/eShopOnContainers
18426,2819,58,53,SpinKit,9,CSS,51,9,https://github.com/tobiasahlin/SpinKit
18403,2571,569,545,popmotion,9,JavaScript,292,0,https://github.com/Popmotion/popmotion
18396,673,446,388,swr,9,TypeScript,365,46,https://github.com/vercel/swr
18372,983,1423,866,notable,9,TypeScript,25,20,https://github.com/notable/notable
18369,4203,0,0,ruby,9,Ruby,1696,0,https://github.com/ruby/ruby
18360,2114,83,16,skill-map,9,HTML,42,2,https://github.com/TeamStuQ/skill-map
18358,3082,1610,990,stackedit,9,JavaScript,35,13,https://github.com/benweet/stackedit
18358,3776,198,124,Skeleton,9,CSS,25,6,https://github.com/dhg/Skeleton
18343,2357,478,477,js-cookie,9,JavaScript,59,33,https://github.com/js-cookie/js-cookie
18333,1745,986,859,docsify,9,JavaScript,446,11,https://github.com/docsifyjs/docsify
18310,2820,2681,2616,vue-router,9,JavaScript,583,82,https://github.com/vuejs/vue-router
18299,2192,227,218,macOS-Security-and-Privacy-Guide,9,Python,133,0,https://github.com/drduh/macOS-Security-and-Privacy-Guide
18279,2465,2600,2586,homebridge,9,TypeScript,284,23,https://github.com/homebridge/homebridge
18249,2866,455,379,zsh-autosuggestions,9,Shell,104,0,https://github.com/zsh-users/zsh-autosuggestions
18242,882,1080,845,starship,9,Rust,1407,93,https://github.com/starship/starship
18215,753,0,0,HarmonyOS,9,C,15,0,https://github.com/Awesome-HarmonyOS/HarmonyOS
18208,1034,21,9,homemade-machine-learning,9,Jupyter Notebook,2,0,https://github.com/trekhleb/homemade-machine-learning
18187,1769,41,41,jstraining,9,None,17,0,https://github.com/ruanyf/jstraining
18166,2590,2795,2332,osquery,9,C++,3756,110,https://github.com/osquery/osquery
18166,3665,3174,3114,CodeIgniter,9,PHP,1276,0,https://github.com/bcit-ci/CodeIgniter
18145,836,164,76,lazydocker,9,Go,88,28,https://github.com/jesseduffield/lazydocker
18144,2533,0,0,v8,9,C++,0,0,https://github.com/v8/v8
18143,2636,8260,7748,ExoPlayer,9,Java,501,13,https://github.com/google/ExoPlayer
18134,2253,330,298,reselect,9,JavaScript,98,22,https://github.com/reduxjs/reselect
18126,1314,170,61,hacker-laws,9,Shell,149,1,https://github.com/dwmkerr/hacker-laws
18121,3526,227,77,games,9,None,192,0,https://github.com/leereilly/games
18111,1031,774,619,nps,9,Go,71,59,https://github.com/ehang-io/nps
18098,2940,367,299,vegeta,9,Go,130,63,https://github.com/tsenart/vegeta
18095,2297,1456,1420,electron-react-boilerplate,9,JavaScript,720,51,https://github.com/electron-react-boilerplate/electron-react-boilerplate
18087,723,21,14,reverse-interview,9,None,51,0,https://github.com/viraptor/reverse-interview
18081,3031,1533,1342,picasso,9,Java,473,7,https://github.com/square/picasso
18073,642,529,529,alpine,9,HTML,331,79,https://github.com/alpinejs/alpine
18068,244,111,20,coder2gwy,9,None,2,0,https://github.com/coder2gwy/coder2gwy
18065,3982,838,728,validator.js,9,JavaScript,554,8,https://github.com/validatorjs/validator.js
18064,1771,2490,1901,blueprint,9,TypeScript,1956,110,https://github.com/palantir/blueprint
18063,984,225,197,CheatSheetSeries,9,Python,435,0,https://github.com/OWASP/CheatSheetSeries
18048,2191,437,144,neural-style,9,Lua,16,0,https://github.com/jcjohnson/neural-style
18031,2177,311,253,rustlings,9,Rust,386,23,https://github.com/rust-lang/rustlings
18026,1595,5611,5592,vant,9,TypeScript,3484,116,https://github.com/youzan/vant
18007,4005,9825,7730,numpy,9,Python,7862,71,https://github.com/numpy/numpy
17993,2831,1350,1259,libuv,9,C,526,1,https://github.com/libuv/libuv
17983,2962,454,332,Masonry,11,Objective-C,75,1,https://github.com/SnapKit/Masonry
17981,2006,73,71,my-mac-os,9,None,16,0,https://github.com/nikitavoloboev/my-mac-os
17943,1916,2019,1918,DeepSpeech,9,C++,1337,105,https://github.com/mozilla/DeepSpeech
17938,1242,985,983,bypass-paywalls-chrome,9,JavaScript,123,31,https://github.com/iamadamdev/bypass-paywalls-chrome
17901,2490,0,0,corefx,10,None,21834,100,https://github.com/dotnet/corefx
17888,2254,951,821,graphql-js,10,TypeScript,1909,119,https://github.com/graphql/graphql-js
17882,3332,645,475,PhotoView,9,Java,54,5,https://github.com/Baseflow/PhotoView
17874,983,63,46,pumpkin-book,9,None,43,4,https://github.com/datawhalechina/pumpkin-book
17847,1981,721,703,popper-core,9,JavaScript,430,143,https://github.com/popperjs/popper-core
17825,1113,558,444,DoraemonKit,9,Java,268,2,https://github.com/didi/DoraemonKit
17815,4268,2988,2864,phpunit,9,PHP,742,0,https://github.com/sebastianbergmann/phpunit
17800,1053,1826,358,weekly,9,None,43,0,https://github.com/ruanyf/weekly
17787,4512,4522,4052,celery,9,Python,1563,23,https://github.com/celery/celery
17772,2644,524,449,SnapKit,9,Swift,118,11,https://github.com/SnapKit/SnapKit
17744,3935,0,0,jenkins,9,Java,4117,120,https://github.com/jenkinsci/jenkins
17725,1849,6073,5029,envoy,9,C++,9678,61,https://github.com/envoyproxy/envoy
17700,879,22,14,REKCARC-TSC-UHT,9,HTML,80,0,https://github.com/PKUanonym/REKCARC-TSC-UHT
17695,1999,1881,1855,weex,9,C++,1087,7,https://github.com/alibaba/weex
17679,726,2583,2483,detectron2,9,Python,0,9,https://github.com/facebookresearch/detectron2
17669,3898,1255,896,winston,9,JavaScript,361,4,https://github.com/winstonjs/winston
17640,1072,170,138,NES.css,9,SCSS,222,7,https://github.com/nostalgic-css/NES.css
17630,783,464,400,cascadia-code,9,Python,66,14,https://github.com/microsoft/cascadia-code
17625,1875,3215,3094,react-admin,9,TypeScript,2726,200,https://github.com/marmelab/react-admin
17608,1188,2429,1955,k3s,9,Go,1145,260,https://github.com/k3s-io/k3s
17604,2867,0,0,Telegram,9,Java,19,68,https://github.com/DrKLO/Telegram
17566,2245,580,340,aos,9,JavaScript,38,0,https://github.com/michalsnik/aos
17551,632,466,300,wenyan,9,TypeScript,166,13,https://github.com/wenyan-lang/wenyan
17550,2433,17,14,awesome-deep-learning,9,None,143,0,https://github.com/ChristosChristofidis/awesome-deep-learning
17518,2124,3810,3739,skywalking,9,Java,3167,46,https://github.com/apache/skywalking
17512,3271,2067,1980,joi,9,JavaScript,393,0,https://github.com/sideway/joi
17502,2024,3289,2835,vux,9,Vue,325,79,https://github.com/airyland/vux
17502,1999,1565,1095,micro,9,Go,484,32,https://github.com/zyedidia/micro
17485,1455,5511,5398,lede,9,C,1029,1,https://github.com/coolsnowwolf/lede
17469,1876,114,62,api-guidelines,9,None,96,0,https://github.com/microsoft/api-guidelines
17461,3309,211,158,source-code-pro,9,CSS,47,13,https://github.com/adobe-fonts/source-code-pro
17456,2636,1112,978,postgrest,9,Haskell,619,29,https://github.com/PostgREST/postgrest
17446,2004,2341,1899,Boostnote,9,JavaScript,1073,15,https://github.com/BoostIO/Boostnote
17439,2779,2813,2175,wekan,9,JavaScript,743,256,https://github.com/wekan/wekan
17425,2489,26842,24663,rancher,9,Go,6248,733,https://github.com/rancher/rancher
17425,3700,573,457,FileSaver.js,9,JavaScript,65,14,https://github.com/eligrey/FileSaver.js
17362,689,532,401,supabase,9,TypeScript,567,14,https://github.com/supabase/supabase
17320,1956,2415,1912,insomnia,9,JavaScript,1021,166,https://github.com/Kong/insomnia
17318,1752,3979,3563,forem,9,Ruby,9100,0,https://github.com/forem/forem
17303,4354,18668,16502,npm,9,None,439,261,https://github.com/npm/npm
17278,1900,3632,3449,egg,9,JavaScript,964,83,https://github.com/eggjs/egg
17255,3400,5852,5427,fish-shell,9,Shell,1196,33,https://github.com/fish-shell/fish-shell
17252,727,7,4,eng-practices,9,None,8,0,https://github.com/google/eng-practices
17229,705,566,476,spleeter,9,Python,41,1,https://github.com/deezer/spleeter
17218,2637,8942,6837,bazel,9,Java,46,111,https://github.com/bazelbuild/bazel
17217,2057,43,41,Public-APIs,9,None,325,0,https://github.com/n0shake/Public-APIs
17206,801,410,382,n8n,9,TypeScript,1030,0,https://github.com/n8n-io/n8n
17185,2149,107,89,remote-jobs,9,JavaScript,828,0,https://github.com/remoteintech/remote-jobs
17181,2789,3354,3161,redisson,9,Java,284,98,https://github.com/redisson/redisson
17158,925,45,31,Micro8,9,None,2,0,https://github.com/Micropoor/Micro8
17144,1261,104,75,CS-Interview-Knowledge-Map,9,None,60,0,https://github.com/InterviewMap/CS-Interview-Knowledge-Map
17143,2599,237,228,flux,9,JavaScript,180,2,https://github.com/facebook/flux
17134,2348,22,16,How-To-Ask-Questions-The-Smart-Way,9,JavaScript,75,0,https://github.com/ryanhanwu/How-To-Ask-Questions-The-Smart-Way
17103,1245,1597,1295,Sentinel,9,Java,399,18,https://github.com/alibaba/Sentinel
17098,1218,2359,2340,coc.nvim,9,TypeScript,464,80,https://github.com/neoclide/coc.nvim
17081,2105,3275,2523,CNTK,9,C++,257,32,https://github.com/microsoft/CNTK
17068,3371,2170,1666,SwitchyOmega,9,CoffeeScript,7,51,https://github.com/FelisCatus/SwitchyOmega
17067,2966,3935,3248,uikit,9,HTML,194,203,https://github.com/uikit/uikit
17065,2780,2051,2043,phoenix,9,Elixir,1836,20,https://github.com/phoenixframework/phoenix
17059,1709,2137,2041,SpaceVim,9,Vim script,2093,18,https://github.com/SpaceVim/SpaceVim
17055,181,79,68,ML-For-Beginners,9,Jupyter Notebook,156,0,https://github.com/microsoft/ML-For-Beginners
17054,2942,326,290,bitcoinbook,9,Python,431,3,https://github.com/bitcoinbook/bitcoinbook
17049,2701,812,772,velocity,11,JavaScript,54,18,https://github.com/julianshapiro/velocity
17039,1247,2952,2635,RSSHub,9,JavaScript,4088,226,https://github.com/DIYgod/RSSHub
17034,4259,5817,5227,hhvm,9,C++,89,15,https://github.com/facebook/hhvm
17004,3049,410,139,Mock,9,JavaScript,7,14,https://github.com/nuysoft/Mock
16992,3328,2873,2812,swoole-src,10,C++,1234,216,https://github.com/swoole/swoole-src
16992,1833,148,60,reinforcement-learning,9,Jupyter Notebook,58,0,https://github.com/dennybritz/reinforcement-learning
16990,1771,7448,5868,ray,9,Python,8600,46,https://github.com/ray-project/ray
16982,2423,2100,1425,ZeroNet,9,JavaScript,388,22,https://github.com/HelloZeroNet/ZeroNet
16981,3661,1786,1766,PHPMailer,9,PHP,363,49,https://github.com/PHPMailer/PHPMailer
16980,1701,134,100,Web,9,JavaScript,0,0,https://github.com/qianguyihao/Web
16976,2178,908,783,xstate,9,TypeScript,793,106,https://github.com/statelyai/xstate
16975,1296,227,150,Complete-Python-3-Bootcamp,9,Jupyter Notebook,11,0,https://github.com/Pierian-Data/Complete-Python-3-Bootcamp
16966,2614,39,39,awesome-datascience,9,None,204,0,https://github.com/academic/awesome-datascience
16962,1440,58,56,chinese-independent-developer,9,None,106,0,https://github.com/1c7/chinese-independent-developer
16946,2642,0,0,flink,9,Java,4616,0,https://github.com/apache/flink
16944,2537,516,368,nvm-windows,9,Go,48,15,https://github.com/coreybutler/nvm-windows
16931,2950,295,293,chalk,9,JavaScript,86,20,https://github.com/chalk/chalk
16927,1945,300,212,flexbox-layout,9,Kotlin,246,25,https://github.com/google/flexbox-layout
16905,2623,177,145,mojs,9,CoffeeScript,44,19,https://github.com/mojs/mojs
16899,1944,849,566,magenta,9,Python,931,47,https://github.com/magenta/magenta
16877,2087,25,11,go-patterns,9,Go,10,0,https://github.com/tmrts/go-patterns
16872,3583,1297,1291,ws,9,JavaScript,460,76,https://github.com/websockets/ws
16868,2884,4843,4453,ShareX,9,C#,641,69,https://github.com/ShareX/ShareX
16864,3848,1190,1161,locust,9,Python,444,53,https://github.com/locustio/locust
16862,2216,2197,1969,recharts,9,TypeScript,316,0,https://github.com/recharts/recharts
16848,1801,3428,2942,prisma1,9,Scala,1358,182,https://github.com/prisma/prisma1
16840,3565,1212,773,Android-Universal-Image-Loader,11,Java,51,0,https://github.com/nostra13/Android-Universal-Image-Loader
16832,1402,266,182,nocodb,9,Vue,89,15,https://github.com/nocodb/nocodb
16815,2660,1272,1164,delve,9,C,1097,13,https://github.com/go-delve/delve
16807,1931,476,323,cleave.js,9,JavaScript,132,66,https://github.com/nosir/cleave.js
16789,3839,441,388,jquery-pjax,12,JavaScript,81,11,https://github.com/defunkt/jquery-pjax
16788,1919,90,70,Awesome,9,None,206,0,https://github.com/Awesome-Windows/Awesome
16777,2615,891,888,hosts,9,Rascal,286,2,https://github.com/kelthuzadx/hosts
16762,1833,483,240,examples,9,Python,281,0,https://github.com/pytorch/examples
16742,1796,39,39,WaveFunctionCollapse,9,C#,18,0,https://github.com/mxgmn/WaveFunctionCollapse
16740,1354,864,735,yew,9,Rust,929,27,https://github.com/yewstack/yew
16727,2618,8996,8729,material,9,JavaScript,912,14,https://github.com/angular/material
16727,1644,28,15,pytudes,9,Jupyter Notebook,47,0,https://github.com/norvig/pytudes
16700,3199,5902,4816,crystal,9,Crystal,3851,88,https://github.com/crystal-lang/crystal
16689,3365,59,9,Python-programming-exercises,9,None,0,0,https://github.com/zhiwehu/Python-programming-exercises
16687,3240,30,17,fks,9,JavaScript,81,0,https://github.com/JacksonTian/fks
16684,966,366,236,handson-ml2,9,Jupyter Notebook,52,0,https://github.com/ageron/handson-ml2
16673,2661,1719,1603,flatbuffers,9,C++,1241,18,https://github.com/google/flatbuffers
16653,1541,253,198,ink,9,TypeScript,155,41,https://github.com/vadimdemedes/ink
16648,2815,4687,4317,jitsi-meet,9,JavaScript,4137,29,https://github.com/jitsi/jitsi-meet
16647,4051,2099,1931,mysql,9,JavaScript,109,0,https://github.com/mysqljs/mysql
16647,2615,3671,3568,jumpserver,9,Python,2559,88,https://github.com/jumpserver/jumpserver
16642,2374,2192,2047,fresco,10,Java,81,44,https://github.com/facebook/fresco
16637,4210,2740,2592,less.js,9,JavaScript,438,32,https://github.com/less/less.js
16619,2013,3815,3494,apollo-client,9,TypeScript,3602,7,https://github.com/apollographql/apollo-client
16597,2335,20,19,react-native-guide,9,None,48,0,https://github.com/reactnativecn/react-native-guide
16578,1753,78,53,linux-command,9,HTML,153,9,https://github.com/jaywcjlove/linux-command
16573,1752,3163,3147,GSYVideoPlayer,9,Java,25,26,https://github.com/CarGuo/GSYVideoPlayer
16567,1015,185,183,OnJava8,9,None,440,0,https://github.com/LingCoder/OnJava8
16559,1122,47,40,100-Days-Of-ML-Code,9,Jupyter Notebook,45,0,https://github.com/MLEveryday/100-Days-Of-ML-Code
16556,2241,199,194,redux-thunk,9,JavaScript,50,12,https://github.com/reduxjs/redux-thunk
16555,2422,785,755,go-micro,9,Go,1206,87,https://github.com/asim/go-micro
16537,3296,1035,845,svgo,9,JavaScript,318,45,https://github.com/svg/svgo
16529,1762,1909,1814,ice,10,TypeScript,2382,52,https://github.com/alibaba/ice
16526,2678,9940,9223,tdesktop,9,C++,817,512,https://github.com/telegramdesktop/tdesktop
16526,2708,675,319,viper,9,Go,170,14,https://github.com/spf13/viper
16514,2198,2313,2313,dgraph,9,Go,4197,97,https://github.com/dgraph-io/dgraph
16451,2655,630,572,stb,9,C,276,0,https://github.com/nothings/stb
16431,3139,37438,28972,kibana,9,TypeScript,65102,56,https://github.com/elastic/kibana
16409,2012,10,10,awesome-tensorflow,9,None,109,0,https://github.com/jtoy/awesome-tensorflow
16401,2971,610,558,cli,9,Go,506,23,https://github.com/urfave/cli
16398,1932,1224,986,mint-ui,9,Vue,297,11,https://github.com/ElemeFE/mint-ui
16389,1728,0,0,JavaScript30,9,HTML,144,0,https://github.com/wesbos/JavaScript30
16360,4363,2885,2030,vimium,9,JavaScript,585,0,https://github.com/philc/vimium
16355,1172,40,19,react-developer-roadmap,9,JavaScript,26,0,https://github.com/adam-golab/react-developer-roadmap
16345,2865,432,379,dracula-theme,9,None,83,24,https://github.com/dracula/dracula-theme
16343,2746,3259,3135,framework7,10,JavaScript,425,142,https://github.com/framework7io/framework7
16332,2952,706,662,trix,10,CoffeeScript,114,31,https://github.com/basecamp/trix
16321,972,491,435,act,9,Go,246,33,https://github.com/nektos/act
16319,1842,13256,11096,Paddle,9,Python,16083,47,https://github.com/PaddlePaddle/Paddle
16304,3115,1320,909,typeahead.js,10,JavaScript,106,0,https://github.com/twitter/typeahead.js
16302,1851,110,99,Awesome-Linux-Software,9,Python,399,0,https://github.com/luong-komorebi/Awesome-Linux-Software
16276,2522,128,45,node-lessons,9,JavaScript,27,0,https://github.com/alsotang/node-lessons
16276,2508,1478,1233,react-dnd,9,TypeScript,1336,132,https://github.com/react-dnd/react-dnd
16264,3150,6251,5028,openssl,9,C,109,0,https://github.com/openssl/openssl
16241,2063,922,919,setup-ipsec-vpn,9,Shell,21,0,https://github.com/hwdsl2/setup-ipsec-vpn
16239,4242,1951,1607,jsdom,9,JavaScript,741,28,https://github.com/jsdom/jsdom
16224,1258,330,301,litemall,9,Java,89,8,https://github.com/linlinjava/litemall
16182,991,539,517,eladmin,9,Java,55,6,https://github.com/elunez/eladmin
16173,558,492,405,tools,9,TypeScript,1021,12,https://github.com/rome/tools
16158,2103,971,598,editor.js,9,TypeScript,632,19,https://github.com/codex-team/editor.js
16151,1818,22,20,awesome-falsehood,9,None,63,0,https://github.com/kdeldycke/awesome-falsehood
16144,2247,1480,1452,python-telegram-bot,9,Python,779,83,https://github.com/python-telegram-bot/python-telegram-bot
16122,4049,1283,1188,handlebars.js,9,JavaScript,303,0,https://github.com/handlebars-lang/handlebars.js
16121,2478,4402,4035,core,9,Shell,1293,142,https://github.com/dotnet/core
16116,1105,4217,3928,mmdetection,9,Python,1341,16,https://github.com/open-mmlab/mmdetection
16109,3120,1096,974,mybatis-3,9,Java,789,34,https://github.com/mybatis/mybatis-3
16104,1636,0,0,react-loadable,9,JavaScript,105,0,https://github.com/jamiebuilds/react-loadable
16096,2132,346,273,plaid,9,Kotlin,368,0,https://github.com/nickbutcher/plaid
16093,2708,373,372,lowdb,9,JavaScript,65,23,https://github.com/typicode/lowdb
16085,2824,84,75,quick-look-plugins,9,None,24,0,https://github.com/sindresorhus/quick-look-plugins
16062,1792,95,62,zheng,9,Java,10,0,https://github.com/shuzheng/zheng
16040,1336,1871,1267,yuzu,9,C++,4146,0,https://github.com/yuzu-emu/yuzu
16033,1280,3038,2028,poetry,9,Python,733,102,https://github.com/python-poetry/poetry
16032,1796,34,15,awesome-spider,9,None,38,0,https://github.com/facert/awesome-spider
16006,1163,52,49,MS-DOS,9,Assembly,34,0,https://github.com/microsoft/MS-DOS
15994,1676,8072,8062,Tasmota,9,C,2898,89,https://github.com/arendst/Tasmota
15964,1188,43,40,reactjs-interview-questions,9,JavaScript,75,0,https://github.com/sudheerj/reactjs-interview-questions
15962,3897,269,222,statsd,11,JavaScript,299,0,https://github.com/statsd/statsd
15962,882,1260,967,diem,9,Rust,2986,0,https://github.com/diem/diem
15955,2539,617,380,anko,9,Kotlin,100,26,https://github.com/Kotlin/anko
15954,1820,1457,1050,tinker,9,Java,70,42,https://github.com/Tencent/tinker
15950,3657,768,688,hubot,10,JavaScript,508,9,https://github.com/hubotio/hubot
15950,1226,666,614,MeiliSearch,9,Rust,575,52,https://github.com/meilisearch/MeiliSearch
15949,1312,1069,821,photoprism,9,Go,151,19,https://github.com/photoprism/photoprism
15942,4274,4096,4041,coffeescript,10,CoffeeScript,851,0,https://github.com/jashkenas/coffeescript
15929,1412,1157,973,firecracker,9,Rust,1275,47,https://github.com/firecracker-microvm/firecracker
15915,3901,687,661,netron,9,JavaScript,1,2,https://github.com/lutzroeder/netron
15897,1733,484,481,rxdb,9,TypeScript,2514,76,https://github.com/pubkey/rxdb
15897,3108,3095,2947,p5.js,9,JavaScript,1858,77,https://github.com/processing/p5.js
15895,4475,398,338,MBProgressHUD,9,Objective-C,98,0,https://github.com/jdg/MBProgressHUD
15893,1515,31,19,API-Security-Checklist,9,None,94,0,https://github.com/shieldfy/API-Security-Checklist
15887,2213,1772,1495,relay,9,JavaScript,107,65,https://github.com/facebook/relay
15863,3488,1732,1688,dropzone,10,JavaScript,74,41,https://github.com/dropzone/dropzone
15859,782,2223,1861,TDengine,9,C,4824,26,https://github.com/taosdata/TDengine
15846,1606,48,12,SpringCloudLearning,9,Java,0,0,https://github.com/forezp/SpringCloudLearning
15841,1446,1172,616,iview-admin,9,Vue,90,30,https://github.com/iview/iview-admin
15826,4822,0,0,reddit,10,Python,18,0,https://github.com/reddit-archive/reddit
15811,2144,680,646,fasthttp,9,Go,266,35,https://github.com/valyala/fasthttp
15806,1890,944,826,Vue.Draggable,9,JavaScript,52,52,https://github.com/SortableJS/Vue.Draggable
15789,1722,116,96,rough,9,TypeScript,51,15,https://github.com/rough-stuff/rough
15786,3191,1112,982,cat,9,Java,872,0,https://github.com/dianping/cat
15785,4922,857,852,nerdtree,9,Vim script,289,0,https://github.com/preservim/nerdtree
15779,231,31,8,modern-unix,9,None,8,0,https://github.com/ibraheemdev/modern-unix
15772,3793,1015,865,superagent,9,JavaScript,404,65,https://github.com/visionmedia/superagent
15768,2124,9,9,professional-programming,9,Python,23,0,https://github.com/charlax/professional-programming
15765,2056,2552,1866,graal,9,Java,606,32,https://github.com/oracle/graal
15757,1894,2128,2113,dva,9,JavaScript,201,35,https://github.com/dvajs/dva
15756,2374,1801,1791,vnpy,9,C++,891,43,https://github.com/vnpy/vnpy
